timestamp,box_uid,box_title,prev_status,new_status,reason
2025-09-16T15:09:33,box_1679150166896,Flash,GREEN,RED,At least one watched test is out of spec or missing.
2025-09-16T15:09:40,box_1679150166896,Flash,RED,GREEN,All watched tests are within expected ranges.
2025-09-16T15:10:54,box_1679150166896,Flash,GREEN,RED,At least one watched test is out of spec or missing.
2025-09-16T15:10:59,box_1679150166896,Flash,RED,GREEN,All watched tests are within expected ranges.
2025-09-16T15:11:20,box_1679150166896,Flash,GREEN,RED,At least one watched test is out of spec or missing.
2025-09-16T15:11:26,box_1679150166896,Flash,RED,GREEN,All watched tests are within expected ranges.
2025-09-16T15:14:43,box_3081148503168,GC,GREEN,UNKNOWN,Insufficient data for one or more tests.
2025-09-16T15:17:41,box_3081148503168,GC,UNKNOWN,GREEN,All watched tests are within expected ranges.
2025-09-16T15:17:54,box_3081148503168,GC,GREEN,RED,At least one watched test is out of spec or missing.
2025-09-16T15:18:36,box_3081148503168,GC,RED,GREEN,All watched tests are within expected ranges.
2025-09-16T17:56:55,box_3081148503168,GC,GREEN,RED,At least one watched test is out of spec or missing.
2025-09-16T17:57:45,box_3081148503168,GC,RED,GREEN,All watched tests are within expected ranges.
2025-09-16T18:00:36,box_1679150166896,Flash,GREEN,SERVICE,Manual override: SERVICE
2025-09-16T18:00:52,box_1679150166896,Flash,SERVICE,GREEN,All watched tests are within expected ranges.
2025-09-16T18:03:52,box_3081148503168,GC,GREEN,RED,At least one watched test is out of spec or missing.
2025-09-16T18:03:52,box_1679150166896,Flash,GREEN,RED,At least one watched test is out of spec or missing.
2025-09-17T10:18:31,box_1870504625920,Autograbner,UNKNOWN,GREEN,All watched tests are within expected ranges.
2025-09-17T10:19:13,box_1870504625920,Multitek S,GREEN,UNKNOWN,Insufficient data for one or more tests.
2025-09-17T10:19:13,box_1870504625920,Autograbner,UNKNOWN,GREEN,All watched tests are within expected ranges.
2025-09-17T10:19:13,box_1870504625920,Multitek S,GREEN,UNKNOWN,Insufficient data for one or more tests.
2025-09-17T10:19:13,box_1870504625920,Autograbner,UNKNOWN,GREEN,All watched tests are within expected ranges.
2025-09-17T10:19:39,box_1870504625920,Multitek S,GREEN,UNKNOWN,Insufficient data for one or more tests.
2025-09-17T10:19:39,box_1870504625920,Autograbner,UNKNOWN,GREEN,All watched tests are within expected ranges.
2025-09-17T10:20:09,box_1870504625920,Multitek S,GREEN,UNKNOWN,Insufficient data for one or more tests.
2025-09-17T10:20:09,box_1870504625920,Autograbner,UNKNOWN,GREEN,All watched tests are within expected ranges.
2025-09-17T10:20:09,box_1870504625920,Mini Grabner,GREEN,UNKNOWN,Insufficient data for one or more tests.
2025-09-17T10:20:13,box_1870504625920,Autograbner,UNKNOWN,GREEN,All watched tests are within expected ranges.
2025-09-17T10:20:13,box_1870504625920,Mini Grabner,GREEN,UNKNOWN,Insufficient data for one or more tests.
2025-09-17T10:21:09,box_1870504625920,Autograbner,UNKNOWN,GREEN,All watched tests are within expected ranges.
2025-09-17T10:21:09,box_1870504625920,Mini Grabner,GREEN,UNKNOWN,Insufficient data for one or more tests.
2025-09-17T10:21:13,box_1870504625920,Autograbner,UNKNOWN,GREEN,All watched tests are within expected ranges.
2025-09-17T10:21:13,box_1870504625920,Mini Grabner,GREEN,UNKNOWN,Insufficient data for one or more tests.
2025-09-17T10:30:46,box_1870504625920,Autograbner,UNKNOWN,GREEN,All watched tests are within expected ranges.
2025-09-17T10:30:46,box_1870504625920,Mini Grabner,GREEN,UNKNOWN,Insufficient data for one or more tests.
2025-09-17T10:30:46,box_1870504625920,Autograbner,UNKNOWN,GREEN,All watched tests are within expected ranges.
2025-09-17T10:30:46,box_1870504625920,Mini Grabner,GREEN,UNKNOWN,Insufficient data for one or more tests.
2025-09-17T10:31:19,box_1870504625920,Autograbner,UNKNOWN,GREEN,All watched tests are within expected ranges.
2025-09-17T10:31:19,box_1870504625920,Mini Grabner,GREEN,UNKNOWN,Insufficient data for one or more tests.
2025-09-17T10:31:20,box_1870504625920,Autograbner,UNKNOWN,GREEN,All watched tests are within expected ranges.
2025-09-17T10:31:20,box_1870504625920,Mini Grabner,GREEN,UNKNOWN,Insufficient data for one or more tests.
2025-09-17T10:31:21,box_1870504625920,Autograbner,UNKNOWN,GREEN,All watched tests are within expected ranges.
2025-09-17T10:31:21,box_1870504625920,Mini Grabner,GREEN,UNKNOWN,Insufficient data for one or more tests.
2025-09-17T10:31:21,box_1870504625920,Autograbner,UNKNOWN,GREEN,All watched tests are within expected ranges.
2025-09-17T10:31:21,box_1870504625920,Mini Grabner,GREEN,UNKNOWN,Insufficient data for one or more tests.
2025-09-17T10:31:45,box_1870504625920,Autograbner,UNKNOWN,GREEN,All watched tests are within expected ranges.
2025-09-17T10:31:45,box_1870504625920,Mini Grabner,GREEN,UNKNOWN,Insufficient data for one or more tests.
2025-09-17T10:31:46,box_1870504625920,Autograbner,UNKNOWN,GREEN,All watched tests are within expected ranges.
2025-09-17T10:31:46,box_1870504625920,Mini Grabner,GREEN,UNKNOWN,Insufficient data for one or more tests.
2025-09-17T10:31:46,box_1870504625920,Autograbner,UNKNOWN,GREEN,All watched tests are within expected ranges.
2025-09-17T10:31:46,box_1870504625920,Mini Grabner,GREEN,UNKNOWN,Insufficient data for one or more tests.
2025-09-17T10:31:46,box_1870504625920,Autograbner,UNKNOWN,GREEN,All watched tests are within expected ranges.
2025-09-17T10:31:47,box_1870504625920,Mini Grabner,GREEN,UNKNOWN,Insufficient data for one or more tests.
2025-09-17T10:31:47,box_1870504625920,Autograbner,UNKNOWN,GREEN,All watched tests are within expected ranges.
2025-09-17T10:31:47,box_1870504625920,Mini Grabner,GREEN,UNKNOWN,Insufficient data for one or more tests.
2025-09-17T10:31:47,box_1870504625920,Autograbner,UNKNOWN,GREEN,All watched tests are within expected ranges.
2025-09-17T10:31:47,box_1870504625920,Mini Grabner,GREEN,UNKNOWN,Insufficient data for one or more tests.
2025-09-17T10:31:47,box_1870504625920,Autograbner,UNKNOWN,GREEN,All watched tests are within expected ranges.
2025-09-17T10:31:47,box_1870504625920,Mini Grabner,GREEN,UNKNOWN,Insufficient data for one or more tests.
2025-09-17T10:32:03,box_1870504625920,Autograbner,UNKNOWN,GREEN,All watched tests are within expected ranges.
2025-09-17T10:32:03,box_1870504625920,Mini Grabner,GREEN,UNKNOWN,Insufficient data for one or more tests.
2025-09-17T10:32:03,box_1870504625920,Autograbner,UNKNOWN,GREEN,All watched tests are within expected ranges.
2025-09-17T10:32:03,box_1870504625920,Mini Grabner,GREEN,UNKNOWN,Insufficient data for one or more tests.
2025-09-17T10:40:06,box_1870504625920,Autograbner,UNKNOWN,GREEN,All watched tests are within expected ranges.
2025-09-17T10:40:06,box_1870504625920,Mini Grabner,GREEN,UNKNOWN,Insufficient data for one or more tests.
2025-09-17T10:40:06,box_1870504625920,Autograbner,UNKNOWN,GREEN,All watched tests are within expected ranges.
2025-09-17T10:40:06,box_1870504625920,Mini Grabner,GREEN,UNKNOWN,Insufficient data for one or more tests.
2025-09-17T10:40:17,box_1870504625920,Autograbner,UNKNOWN,GREEN,All watched tests are within expected ranges.
2025-09-17T10:40:17,box_1870504625920,Mini Grabner,GREEN,UNKNOWN,Insufficient data for one or more tests.
2025-09-17T10:41:05,box_1870504625920,Autograbner,UNKNOWN,GREEN,All watched tests are within expected ranges.
2025-09-17T10:41:05,box_1870504625920,Mini Grabner,GREEN,UNKNOWN,Insufficient data for one or more tests.
2025-09-17T10:41:54,box_1870504625920,Autograbner,UNKNOWN,GREEN,All watched tests are within expected ranges.
2025-09-17T10:41:54,box_1870504625920,Mini Grabner,GREEN,UNKNOWN,Insufficient data for one or more tests.
2025-09-17T10:42:05,box_1870504625920,Autograbner,UNKNOWN,GREEN,All watched tests are within expected ranges.
2025-09-17T10:42:05,box_1870504625920,Mini Grabner,GREEN,UNKNOWN,Insufficient data for one or more tests.
2025-09-17T10:42:21,box_2201765855296,PAC Flash 23,UNKNOWN,GREEN,All watched tests are within expected ranges.
2025-09-17T10:46:04,box_1840572087840,Handheld API,GREEN,UNKNOWN,Insufficient data for one or more tests.
2025-09-17T10:46:14,box_1840572087840,PAC Flash 1,UNKNOWN,GREEN,All watched tests are within expected ranges.
2025-09-17T10:46:14,box_1840572087840,Handheld API,GREEN,UNKNOWN,Insufficient data for one or more tests.
2025-09-17T10:47:08,box_1840572087840,PAC Flash 1,UNKNOWN,GREEN,All watched tests are within expected ranges.
2025-09-17T10:47:08,box_1840572087840,Handheld API,GREEN,UNKNOWN,Insufficient data for one or more tests.
2025-09-17T10:47:14,box_1840572087840,PAC Flash 1,UNKNOWN,GREEN,All watched tests are within expected ranges.
2025-09-17T10:47:14,box_1840572087840,Handheld API,GREEN,UNKNOWN,Insufficient data for one or more tests.
2025-09-17T10:47:38,box_1840572087840,PAC Flash 1,UNKNOWN,GREEN,All watched tests are within expected ranges.
2025-09-17T10:47:38,box_1840572087840,Handheld API,GREEN,UNKNOWN,Insufficient data for one or more tests.
2025-09-17T10:48:14,box_1840572087840,PAC Flash 1,UNKNOWN,GREEN,All watched tests are within expected ranges.
2025-09-17T10:48:14,box_1840572087840,Handheld API,GREEN,UNKNOWN,Insufficient data for one or more tests.
2025-09-17T10:48:36,box_1840572087840,PAC Flash 1,UNKNOWN,GREEN,All watched tests are within expected ranges.
2025-09-17T10:48:36,box_1840572087840,Handheld API,GREEN,UNKNOWN,Insufficient data for one or more tests.
2025-09-17T10:49:14,box_1840572087840,PAC Flash 1,UNKNOWN,GREEN,All watched tests are within expected ranges.
2025-09-17T10:49:14,box_1840572087840,Handheld API,GREEN,UNKNOWN,Insufficient data for one or more tests.
2025-09-17T10:53:27,box_1840572087840,Handheld API,GREEN,UNKNOWN,Insufficient data for one or more tests.
2025-09-17T10:53:27,box_1840572087840,PAC Flash 1,UNKNOWN,GREEN,All watched tests are within expected ranges.
2025-09-17T10:53:27,box_1840572087840,Handheld API,GREEN,UNKNOWN,Insufficient data for one or more tests.
2025-09-17T10:54:27,box_1840572087840,PAC Flash 1,UNKNOWN,GREEN,All watched tests are within expected ranges.
2025-09-17T10:54:27,box_1840572087840,Handheld API,GREEN,UNKNOWN,Insufficient data for one or more tests.
2025-09-17T10:54:45,box_1840572087840,PAC Flash 1,UNKNOWN,GREEN,All watched tests are within expected ranges.
2025-09-17T10:54:45,box_1840572087840,Handheld API,GREEN,UNKNOWN,Insufficient data for one or more tests.
2025-09-17T11:08:33,box_1840573738448,Mini Grabner,UNKNOWN,GREEN,All watched tests are within expected ranges.
2025-09-17T11:09:33,box_1840573738448,Mini Grabner,GREEN,RED,At least one watched test is out of spec or missing.
2025-09-17T11:10:33,box_1840573738448,Mini Grabner,RED,GREEN,All watched tests are within expected ranges.
2025-09-17T11:12:55,box_2301728342368,OptiMPP 1,UNKNOWN,GREEN,All watched tests are within expected ranges.
2025-09-17T11:12:55,box_2301728342368,OptiMPP 2,GREEN,UNKNOWN,Insufficient data for one or more tests.
2025-09-17T11:13:09,box_2301728342368,OptiMPP 1,UNKNOWN,GREEN,All watched tests are within expected ranges.
2025-09-17T11:13:09,box_2301728342368,OptiMPP 2,GREEN,UNKNOWN,Insufficient data for one or more tests.
2025-09-17T11:13:09,box_2301728342368,OptiMPP 1,UNKNOWN,GREEN,All watched tests are within expected ranges.
2025-09-17T11:13:10,box_2301728342368,OptiMPP 2,GREEN,UNKNOWN,Insufficient data for one or more tests.
2025-09-17T11:13:10,box_2301728342368,OptiMPP 1,UNKNOWN,GREEN,All watched tests are within expected ranges.
2025-09-17T11:13:10,box_2301728342368,OptiMPP 2,GREEN,UNKNOWN,Insufficient data for one or more tests.
2025-09-17T11:13:33,box_2301728342368,OptiMPP 1,UNKNOWN,GREEN,All watched tests are within expected ranges.
2025-09-17T11:13:33,box_2301728342368,OptiMPP 2,GREEN,UNKNOWN,Insufficient data for one or more tests.
2025-09-17T11:13:39,box_2301728342368,OptiMPP 1,UNKNOWN,GREEN,All watched tests are within expected ranges.
2025-09-17T11:13:39,box_2301728342368,OptiMPP 2,GREEN,UNKNOWN,Insufficient data for one or more tests.
2025-09-17T11:13:39,box_2301728342368,OptiMPP 1,UNKNOWN,GREEN,All watched tests are within expected ranges.
2025-09-17T11:13:39,box_2301728342368,OptiMPP 2,GREEN,UNKNOWN,Insufficient data for one or more tests.
2025-09-17T11:14:30,box_2301728342368,OptiMPP 1,UNKNOWN,GREEN,All watched tests are within expected ranges.
2025-09-17T11:14:30,box_2301728342368,OptiMPP 2,GREEN,UNKNOWN,Insufficient data for one or more tests.
2025-09-17T11:14:39,box_2301728342368,OptiMPP 1,UNKNOWN,GREEN,All watched tests are within expected ranges.
2025-09-17T11:14:39,box_2301728342368,OptiMPP 2,GREEN,UNKNOWN,Insufficient data for one or more tests.
2025-09-17T16:25:15,box_1840573738448,Mini Grabner,GREEN,UNKNOWN,Insufficient data for one or more tests.
2025-09-17T16:25:15,box_2301728342368,Handheld API,GREEN,UNKNOWN,Insufficient data for one or more tests.
2025-09-22T16:38:05,box_1840573737440,Auto Grabner,YELLOW,SERVICE,Manual override: SERVICE
2025-09-22T16:39:05,box_1840573737440,Auto Grabner,SERVICE,YELLOW,Last in-spec QC is stale.
2025-09-23T09:16:46,box_1870507241056,Multitek NS,RED,SERVICE,Manual override: SERVICE
2025-09-23T09:37:26,box_1870507241056,Multitek NS,RED,SERVICE,Manual override: SERVICE
2025-09-23T10:11:20,box_1840573738448,Mini Grabner,UNKNOWN,GREEN,All watched tests are within expected ranges.
2025-09-23T10:11:37,box_1840573738448,Mini Grabner,UNKNOWN,GREEN,All watched tests are within expected ranges.
2025-09-23T10:29:21,box_2301728342368,Handheld API,UNKNOWN,GREEN,All watched tests are within expected ranges.
2025-09-23T10:29:37,box_2301728342368,Handheld API,UNKNOWN,GREEN,All watched tests are within expected ranges.
2025-09-23T10:32:37,box_2332332582384,BenchTop Bio,UNKNOWN,GREEN,All watched tests are within expected ranges.
2025-09-23T11:06:37,box_175810797800001,OptiMPP 1,RED,UNKNOWN,Insufficient data for one or more tests.
2025-09-23T11:07:37,box_175810797800002,OptiMPP 2,UNKNOWN,SERVICE,Manual override: SERVICE
2025-09-23T11:10:16,box_2301728638432,Viscocity,UNKNOWN,GREEN,All watched tests are within expected ranges.
2025-09-23T11:29:37,box_1834023730592,AQUAMAX KF,UNKNOWN,GREEN,All watched tests are within expected ranges.
2025-09-23T11:30:29,box_175810797800001,OptiMPP 1,RED,UNKNOWN,Insufficient data for one or more tests.
2025-09-23T11:36:37,box_1870507241920,Eraspec,UNKNOWN,SERVICE,Manual override: SERVICE
2025-09-23T11:54:31,box_1840573733840,Multitek S,UNKNOWN,RED,At least one watched test is out of spec or missing.
2025-09-23T11:54:39,box_1840573733840,Multitek S,UNKNOWN,RED,At least one watched test is out of spec or missing.
2025-09-23T12:00:39,box_175810797800001,OptiMPP 1,UNKNOWN,GREEN,All watched tests are within expected ranges.
2025-09-23T12:33:35,box_1840573733840,Multitek S,RED,GREEN,All watched tests are within expected ranges.
2025-09-23T12:33:39,box_1840573733840,Multitek S,RED,GREEN,All watched tests are within expected ranges.
2025-09-23T14:11:50,box_175810797800001,OptiMPP 1,UNKNOWN,RED,At least one watched test is out of spec or missing.
2025-09-23T14:24:51,box_1870504657248,Agilent GC,UNKNOWN,RED,At least one watched test is out of spec or missing.
2025-09-23T14:25:40,box_1870504657248,Agilent GC,UNKNOWN,RED,At least one watched test is out of spec or missing.
2025-09-23T14:37:21,box_1870504657248,Agilent GC,RED,YELLOW,Last in-spec QC is stale.
2025-09-23T17:16:41,box_1840573738448,Mini Grabner,GREEN,UNKNOWN,Insufficient data for one or more tests.
2025-09-23T17:16:41,box_2301728342368,Handheld API,GREEN,UNKNOWN,Insufficient data for one or more tests.
2025-09-23T17:16:41,box_2332332582384,BenchTop Bio,GREEN,UNKNOWN,Insufficient data for one or more tests.
2025-09-23T17:16:41,box_1834023730592,AQUAMAX KF,GREEN,UNKNOWN,Insufficient data for one or more tests.
2025-09-23T17:17:11,box_1840573738448,Mini Grabner,GREEN,UNKNOWN,Insufficient data for one or more tests.
2025-09-23T17:17:11,box_2301728342368,Handheld API,GREEN,UNKNOWN,Insufficient data for one or more tests.
2025-09-24T00:04:44,box_1840573733840,Multitek S,GREEN,UNKNOWN,Insufficient data for one or more tests.
2025-09-24T00:05:01,box_1840573733840,Multitek S,GREEN,UNKNOWN,Insufficient data for one or more tests.
2025-09-24T09:17:48,box_1870504657248,Agilent GC,YELLOW,UNKNOWN,Insufficient data for one or more tests.
2025-09-24T09:18:07,box_1870504657248,Agilent GC,RED,UNKNOWN,Insufficient data for one or more tests.
2025-09-24T09:29:08,box_175810797800001,OptiMPP 1,RED,UNKNOWN,Insufficient data for one or more tests.
2025-09-24T09:29:48,box_175810797800001,OptiMPP 1,GREEN,UNKNOWN,Insufficient data for one or more tests.
2025-09-24T09:43:15,box_1834023730592,AQUAMAX KF,UNKNOWN,GREEN,All watched tests are within expected ranges.
2025-09-24T10:17:48,box_1870504657248,Agilent GC,UNKNOWN,GREEN,All watched tests are within expected ranges.
2025-09-24T10:18:13,box_1870504657248,Agilent GC,UNKNOWN,RED,At least one watched test is out of spec or missing.
2025-09-24T10:23:48,box_1834023730592,AQUAMAX KF,GREEN,UNKNOWN,Insufficient data for one or more tests.
2025-09-24T10:25:49,box_175810797800001,OptiMPP 1,UNKNOWN,GREEN,All watched tests are within expected ranges.
2025-09-24T10:26:49,box_1834023730592,AQUAMAX KF,UNKNOWN,GREEN,All watched tests are within expected ranges.
2025-09-24T11:09:49,box_1840573738448,Mini Grabner,UNKNOWN,GREEN,All watched tests are within expected ranges.
2025-09-24T11:10:19,box_1840573738448,Mini Grabner,UNKNOWN,GREEN,All watched tests are within expected ranges.
2025-09-24T11:11:49,box_2301728638432,Viscocity,GREEN,YELLOW,Last in-spec QC is stale.
2025-09-24T16:56:52,box_1840573738448,Mini Grabner,GREEN,UNKNOWN,Insufficient data for one or more tests.
2025-09-24T16:56:52,box_1834023730592,AQUAMAX KF,GREEN,UNKNOWN,Insufficient data for one or more tests.
2025-09-24T16:57:03,box_1840573738448,Mini Grabner,GREEN,UNKNOWN,Insufficient data for one or more tests.
2025-09-25T08:49:59,box_1840573733840,Multitek S,UNKNOWN,RED,At least one watched test is out of spec or missing.
2025-09-25T08:49:59,box_1840573733840,Multitek S,UNKNOWN,RED,At least one watched test is out of spec or missing.
2025-09-25T09:21:00,box_2301728342368,Handheld API,UNKNOWN,GREEN,All watched tests are within expected ranges.
2025-09-25T09:21:05,box_2301728342368,Handheld API,UNKNOWN,GREEN,All watched tests are within expected ranges.
2025-09-25T09:22:00,box_2332332582384,BenchTop Bio,UNKNOWN,GREEN,All watched tests are within expected ranges.
2025-09-25T09:41:00,box_1840573733840,Multitek S,RED,GREEN,All watched tests are within expected ranges.
2025-09-25T09:41:08,box_1840573733840,Multitek S,RED,GREEN,All watched tests are within expected ranges.
2025-09-25T10:18:00,box_1870504657248,Agilent GC,GREEN,YELLOW,Last in-spec QC is stale.
2025-09-25T14:59:43,box_1840573737440,Auto Grabner,GREEN,YELLOW,Last in-spec QC is stale.
2025-09-25T15:00:03,box_1840573737440,Auto Grabner,GREEN,YELLOW,Last in-spec QC is stale.
2025-09-25T17:14:57,box_2301728342368,Handheld API,GREEN,UNKNOWN,Insufficient data for one or more tests.
2025-09-25T17:15:04,box_2301728342368,Handheld API,GREEN,UNKNOWN,Insufficient data for one or more tests.
2025-09-25T17:15:04,box_2332332582384,BenchTop Bio,GREEN,UNKNOWN,Insufficient data for one or more tests.
2025-09-26T08:34:51,box_1840573737440,Auto Grabner,YELLOW,GREEN,All watched tests are within expected ranges.
2025-09-26T08:35:11,box_1840573737440,Auto Grabner,YELLOW,GREEN,All watched tests are within expected ranges.
2025-09-26T09:24:12,box_1870504657248,Agilent GC,YELLOW,UNKNOWN,Insufficient data for one or more tests.
2025-09-26T09:25:12,box_1870504657248,Agilent GC,UNKNOWN,GREEN,All watched tests are within expected ranges.
2025-09-26T09:33:58,box_1840573738448,Mini Grabner,UNKNOWN,GREEN,All watched tests are within expected ranges.
2025-09-26T09:34:12,box_1840573738448,Mini Grabner,UNKNOWN,GREEN,All watched tests are within expected ranges.
2025-09-26T09:39:12,box_1834023730592,AQUAMAX KF,UNKNOWN,GREEN,All watched tests are within expected ranges.
2025-09-26T10:52:12,box_2332332582384,BenchTop Bio,UNKNOWN,GREEN,All watched tests are within expected ranges.
2025-09-26T10:58:09,box_2301728342368,Handheld API,UNKNOWN,GREEN,All watched tests are within expected ranges.
2025-09-26T10:58:12,box_2301728342368,Handheld API,UNKNOWN,GREEN,All watched tests are within expected ranges.
2025-09-26T14:14:15,box_175810797800001,OptiMPP 1,GREEN,UNKNOWN,Insufficient data for one or more tests.
2025-09-26T14:14:39,box_175810797800001,OptiMPP 1,UNKNOWN,RED,At least one watched test is out of spec or missing.
2025-09-26T17:13:04,box_1840573738448,Mini Grabner,GREEN,UNKNOWN,Insufficient data for one or more tests.
2025-09-26T17:13:04,box_2301728342368,Handheld API,GREEN,UNKNOWN,Insufficient data for one or more tests.
2025-09-26T17:13:17,box_1840573738448,Mini Grabner,GREEN,UNKNOWN,Insufficient data for one or more tests.
2025-09-26T17:13:17,box_2301728342368,Handheld API,GREEN,UNKNOWN,Insufficient data for one or more tests.
2025-09-26T17:13:17,box_2332332582384,BenchTop Bio,GREEN,UNKNOWN,Insufficient data for one or more tests.
2025-09-26T17:13:17,box_1834023730592,AQUAMAX KF,GREEN,UNKNOWN,Insufficient data for one or more tests.
2025-09-26T22:17:49,box_1840573733840,Multitek S,GREEN,YELLOW,Last in-spec QC is stale.
2025-09-26T22:18:19,box_1840573733840,Multitek S,GREEN,YELLOW,Last in-spec QC is stale.
2025-09-27T10:29:24,box_2201765855296,PAC Flash 2,GREEN,YELLOW,Last in-spec QC is stale.
2025-09-27T10:29:31,box_2201765855296,PAC Flash 2,GREEN,YELLOW,Last in-spec QC is stale.
2025-09-27T10:32:24,box_2096856031904,PAC Flash 1,GREEN,YELLOW,Last in-spec QC is stale.
2025-09-27T10:32:32,box_2096856031904,PAC Flash 1,GREEN,YELLOW,Last in-spec QC is stale.
2025-09-27T13:40:56,box_1840573737440,Auto Grabner,GREEN,YELLOW,Last in-spec QC is stale.
2025-09-27T13:41:27,box_1840573737440,Auto Grabner,GREEN,YELLOW,Last in-spec QC is stale.
2025-09-27T22:25:31,box_1870504657248,Agilent GC,GREEN,YELLOW,Last in-spec QC is stale.
2025-09-29T08:18:47,box_2096856031904,PAC Flash 1,YELLOW,GREEN,All watched tests are within expected ranges.
2025-09-29T08:19:46,box_2201765855296,PAC Flash 2,YELLOW,GREEN,All watched tests are within expected ranges.
2025-09-29T09:13:45,box_1870504657248,Agilent GC,YELLOW,UNKNOWN,Insufficient data for one or more tests.
2025-09-29T09:13:45,box_1840573737440,Auto Grabner,YELLOW,GREEN,All watched tests are within expected ranges.
2025-09-29T09:13:45,box_1840573733840,Multitek S,YELLOW,GREEN,All watched tests are within expected ranges.
2025-09-29T09:25:45,box_1870504657248,Agilent GC,UNKNOWN,GREEN,All watched tests are within expected ranges.
2025-09-29T09:37:46,box_1834023730592,AQUAMAX KF,UNKNOWN,GREEN,All watched tests are within expected ranges.
2025-09-29T09:38:46,box_1834023730592,AQUAMAX KF,GREEN,UNKNOWN,Insufficient data for one or more tests.
2025-09-29T10:13:46,box_1834023730592,AQUAMAX KF,UNKNOWN,GREEN,All watched tests are within expected ranges.
2025-09-29T11:15:46,box_2301728342368,Handheld API,UNKNOWN,GREEN,All watched tests are within expected ranges.
2025-09-29T11:51:32,box_2332332582384,BenchTop Bio,UNKNOWN,GREEN,All watched tests are within expected ranges.
2025-09-29T17:07:50,box_2301728638432,Viscocity,YELLOW,UNKNOWN,Insufficient data for one or more tests.
2025-09-29T17:07:50,box_2301728342368,Handheld API,GREEN,UNKNOWN,Insufficient data for one or more tests.
2025-09-29T17:07:50,box_2332332582384,BenchTop Bio,GREEN,UNKNOWN,Insufficient data for one or more tests.
2025-09-29T17:07:50,box_1834023730592,AQUAMAX KF,GREEN,UNKNOWN,Insufficient data for one or more tests.
2025-09-30T00:25:53,box_1870504657248,Agilent GC,GREEN,UNKNOWN,Insufficient data for one or more tests.
2025-09-30T09:14:57,box_1834023730592,AQUAMAX KF,UNKNOWN,GREEN,All watched tests are within expected ranges.
2025-09-30T09:25:57,box_1840573738448,Mini Grabner,UNKNOWN,GREEN,All watched tests are within expected ranges.
2025-09-30T09:30:57,box_1834023730592,AQUAMAX KF,GREEN,UNKNOWN,Insufficient data for one or more tests.
2025-09-30T09:53:57,box_2096856031904,PAC Flash 1,GREEN,YELLOW,Last in-spec QC is stale.
2025-09-30T10:11:57,box_2201765855296,PAC Flash 2,GREEN,YELLOW,Last in-spec QC is stale.
2025-09-30T10:56:58,box_1834023730592,AQUAMAX KF,UNKNOWN,GREEN,All watched tests are within expected ranges.
2025-09-30T11:29:58,box_2201765855296,PAC Flash 2,YELLOW,GREEN,All watched tests are within expected ranges.
2025-09-30T11:33:58,box_2096856031904,PAC Flash 1,YELLOW,GREEN,All watched tests are within expected ranges.
2025-09-30T16:37:01,box_1840573738448,Mini Grabner,GREEN,UNKNOWN,Insufficient data for one or more tests.
2025-09-30T16:37:01,box_1834023730592,AQUAMAX KF,GREEN,UNKNOWN,Insufficient data for one or more tests.
2025-09-30T16:50:01,box_1840573733840,Multitek S,GREEN,UNKNOWN,Insufficient data for one or more tests.
2025-09-30T17:20:02,box_1840573733840,Multitek S,UNKNOWN,GREEN,All watched tests are within expected ranges.
2025-10-01T09:21:08,box_1834023730592,AQUAMAX KF,UNKNOWN,GREEN,All watched tests are within expected ranges.
2025-10-01T09:23:09,box_1840573738448,Mini Grabner,UNKNOWN,GREEN,All watched tests are within expected ranges.
2025-10-01T09:34:08,box_1870504657248,Agilent GC,UNKNOWN,GREEN,All watched tests are within expected ranges.
2025-10-01T11:24:09,box_2332332582384,BenchTop Bio,UNKNOWN,GREEN,All watched tests are within expected ranges.
2025-10-01T11:30:09,box_2301728342368,Handheld API,UNKNOWN,GREEN,All watched tests are within expected ranges.
2025-10-01T13:49:36,box_2301728638432,Viscocity,UNKNOWN,SERVICE,Manual override: SERVICE
2025-10-01T13:50:50,box_2301728638432,Viscocity,SERVICE,DEAD-LINE,Manual override: DEAD-LINE
2025-10-01T14:44:01,box_2301728638432,Viscocity,DEAD-LINE,SERVICE,Manual override: SERVICE
2025-10-01T14:59:12,box_1840573733840,Multitek S,GREEN,UNKNOWN,Insufficient data for one or more tests.
2025-10-01T14:59:59,box_1840573733840,Multitek S,GREEN,UNKNOWN,Insufficient data for one or more tests.
2025-10-01T15:14:06,box_1840573733840,Multitek S,UNKNOWN,GREEN,All watched tests are within expected ranges.
2025-10-01T15:14:12,box_1840573733840,Multitek S,UNKNOWN,GREEN,All watched tests are within expected ranges.
2025-10-01T16:09:13,box_1840573738448,Mini Grabner,GREEN,UNKNOWN,Insufficient data for one or more tests.
2025-10-01T16:09:13,box_2301728342368,Handheld API,GREEN,UNKNOWN,Insufficient data for one or more tests.
2025-10-01T16:09:13,box_2332332582384,BenchTop Bio,GREEN,UNKNOWN,Insufficient data for one or more tests.
2025-10-01T16:09:13,box_1834023730592,AQUAMAX KF,GREEN,UNKNOWN,Insufficient data for one or more tests.
2025-10-01T16:09:34,box_1840573738448,Mini Grabner,GREEN,UNKNOWN,Insufficient data for one or more tests.
2025-10-01T16:09:34,box_2301728342368,Handheld API,GREEN,UNKNOWN,Insufficient data for one or more tests.
2025-10-01T16:09:34,box_2332332582384,BenchTop Bio,GREEN,UNKNOWN,Insufficient data for one or more tests.
2025-10-01T16:09:35,box_1834023730592,AQUAMAX KF,GREEN,UNKNOWN,Insufficient data for one or more tests.
2025-10-02T09:08:20,box_1840573738448,Mini Grabner,UNKNOWN,GREEN,All watched tests are within expected ranges.
2025-10-02T09:45:21,box_1834023730592,AQUAMAX KF,UNKNOWN,GREEN,All watched tests are within expected ranges.
2025-10-02T10:07:21,box_1840573737440,Auto Grabner,GREEN,UNKNOWN,Insufficient data for one or more tests.
2025-10-02T11:21:21,box_2301728342368,Handheld API,UNKNOWN,GREEN,All watched tests are within expected ranges.
2025-10-02T11:25:21,box_2332332582384,BenchTop Bio,UNKNOWN,GREEN,All watched tests are within expected ranges.
2025-10-02T16:14:25,box_1840573738448,Mini Grabner,GREEN,UNKNOWN,Insufficient data for one or more tests.
2025-10-02T16:14:25,box_2301728342368,Handheld API,GREEN,UNKNOWN,Insufficient data for one or more tests.
2025-10-02T16:14:25,box_2332332582384,BenchTop Bio,GREEN,UNKNOWN,Insufficient data for one or more tests.
2025-10-02T16:14:25,box_1834023730592,AQUAMAX KF,GREEN,UNKNOWN,Insufficient data for one or more tests.
2025-10-03T08:12:32,box_1834023730592,AQUAMAX KF,UNKNOWN,GREEN,All watched tests are within expected ranges.
2025-10-03T08:52:32,box_1840573738448,Mini Grabner,UNKNOWN,GREEN,All watched tests are within expected ranges.
2025-10-03T09:29:32,box_1840573737440,Auto Grabner,UNKNOWN,GREEN,All watched tests are within expected ranges.
2025-10-03T10:59:33,box_1840573738448,Mini Grabner,GREEN,UNKNOWN,Insufficient data for one or more tests.
2025-10-03T10:59:33,box_1834023730592,AQUAMAX KF,GREEN,UNKNOWN,Insufficient data for one or more tests.
2025-10-03T13:12:58,box_2301728342368,Handheld API,UNKNOWN,GREEN,All watched tests are within expected ranges.
2025-10-03T13:18:35,box_2332332582384,BenchTop Bio,UNKNOWN,GREEN,All watched tests are within expected ranges.
2025-10-03T17:04:37,box_2301728342368,Handheld API,GREEN,UNKNOWN,Insufficient data for one or more tests.
2025-10-03T17:04:37,box_2332332582384,BenchTop Bio,GREEN,UNKNOWN,Insufficient data for one or more tests.
2025-10-03T17:09:37,box_1840573733840,Multitek S,GREEN,UNKNOWN,Insufficient data for one or more tests.
2025-10-03T17:14:36,box_1870504657248,Agilent GC,GREEN,UNKNOWN,Insufficient data for one or more tests.
2025-10-03T17:23:36,box_1840573733840,Multitek S,UNKNOWN,GREEN,All watched tests are within expected ranges.
2025-10-03T17:44:37,box_1870504657248,Agilent GC,UNKNOWN,GREEN,All watched tests are within expected ranges.
2025-10-04T10:01:44,box_2201765855296,PAC Flash 2,GREEN,YELLOW,Last in-spec QC is stale.
2025-10-04T10:01:44,box_2096856031904,PAC Flash 1,GREEN,YELLOW,Last in-spec QC is stale.
2025-10-04T11:52:46,box_1840573737440,Auto Grabner,GREEN,YELLOW,Last in-spec QC is stale.
2025-10-04T18:34:49,box_1840573733840,Multitek S,GREEN,YELLOW,Last in-spec QC is stale.
2025-10-04T20:14:50,box_1870504657248,Agilent GC,GREEN,YELLOW,Last in-spec QC is stale.
2025-10-06T09:27:08,box_2201765855296,PAC Flash 2,YELLOW,RED,At least one watched test is out of spec or missing.
2025-10-06T09:30:08,box_2096856031904,PAC Flash 1,YELLOW,RED,At least one watched test is out of spec or missing.
2025-10-06T09:40:08,box_2096856031904,PAC Flash 1,RED,GREEN,All watched tests are within expected ranges.
2025-10-06T09:40:08,box_1834023730592,AQUAMAX KF,UNKNOWN,GREEN,All watched tests are within expected ranges.
2025-10-06T09:41:08,box_2201765855296,PAC Flash 2,RED,GREEN,All watched tests are within expected ranges.
2025-10-06T10:57:08,box_2332332582384,BenchTop Bio,UNKNOWN,RED,At least one watched test is out of spec or missing.
2025-10-06T11:00:09,box_2301728342368,Handheld API,UNKNOWN,GREEN,All watched tests are within expected ranges.
2025-10-06T17:47:13,box_2301728342368,Handheld API,GREEN,UNKNOWN,Insufficient data for one or more tests.
2025-10-06T17:47:13,box_2332332582384,BenchTop Bio,RED,UNKNOWN,Insufficient data for one or more tests.
2025-10-06T17:47:13,box_1834023730592,AQUAMAX KF,GREEN,UNKNOWN,Insufficient data for one or more tests.
2025-10-06T17:51:13,box_1840573733840,Multitek S,YELLOW,UNKNOWN,Insufficient data for one or more tests.
2025-10-06T18:06:13,box_1840573733840,Multitek S,UNKNOWN,GREEN,All watched tests are within expected ranges.
2025-10-06T18:14:13,box_1870504657248,Agilent GC,YELLOW,UNKNOWN,Insufficient data for one or more tests.
2025-10-06T18:44:13,box_1870504657248,Agilent GC,UNKNOWN,GREEN,All watched tests are within expected ranges.
2025-10-07T00:14:15,box_1870504657248,Agilent GC,GREEN,UNKNOWN,Insufficient data for one or more tests.
2025-10-07T09:33:20,box_1840573738448,Mini Grabner,UNKNOWN,GREEN,All watched tests are within expected ranges.
2025-10-07T09:41:20,box_1834023730592,AQUAMAX KF,UNKNOWN,GREEN,All watched tests are within expected ranges.
2025-10-07T13:08:22,box_2301728342368,Handheld API,UNKNOWN,RED,At least one watched test is out of spec or missing.
2025-10-07T17:32:25,box_1840573738448,Mini Grabner,GREEN,UNKNOWN,Insufficient data for one or more tests.
2025-10-07T17:32:25,box_1840573733840,Multitek S,GREEN,UNKNOWN,Insufficient data for one or more tests.
2025-10-07T17:32:25,box_2301728342368,Handheld API,RED,UNKNOWN,Insufficient data for one or more tests.
2025-10-07T17:32:25,box_1834023730592,AQUAMAX KF,GREEN,UNKNOWN,Insufficient data for one or more tests.
2025-10-07T17:46:25,box_1840573733840,Multitek S,UNKNOWN,GREEN,All watched tests are within expected ranges.
2025-10-07T18:14:25,box_1870504657248,Agilent GC,UNKNOWN,GREEN,All watched tests are within expected ranges.
2025-10-08T00:08:27,box_1840573733840,Multitek S,GREEN,UNKNOWN,Insufficient data for one or more tests.
2025-10-08T00:14:27,box_1870504657248,Agilent GC,GREEN,UNKNOWN,Insufficient data for one or more tests.
2025-10-08T09:36:32,box_1834023730592,AQUAMAX KF,UNKNOWN,GREEN,All watched tests are within expected ranges.
2025-10-08T09:38:32,box_1840573738448,Mini Grabner,UNKNOWN,GREEN,All watched tests are within expected ranges.
2025-10-08T09:47:32,box_1840573737440,Auto Grabner,YELLOW,GREEN,All watched tests are within expected ranges.
2025-10-08T17:36:37,box_1840573733840,Multitek S,UNKNOWN,GREEN,All watched tests are within expected ranges.
2025-10-08T18:02:37,box_1840573738448,Mini Grabner,GREEN,UNKNOWN,Insufficient data for one or more tests.
2025-10-08T18:02:37,box_1834023730592,AQUAMAX KF,GREEN,UNKNOWN,Insufficient data for one or more tests.
2025-10-09T07:13:43,box_1870504657248,Agilent GC,UNKNOWN,GREEN,All watched tests are within expected ranges.
2025-10-09T08:26:44,box_2201765855296,PAC Flash 2,GREEN,UNKNOWN,Insufficient data for one or more tests.
2025-10-09T08:32:44,box_2201765855296,PAC Flash 2,UNKNOWN,GREEN,All watched tests are within expected ranges.
2025-10-09T08:40:44,box_1840573738448,Mini Grabner,UNKNOWN,GREEN,All watched tests are within expected ranges.
2025-10-09T09:21:44,box_1834023730592,AQUAMAX KF,UNKNOWN,GREEN,All watched tests are within expected ranges.
2025-10-09T09:27:44,box_2301728638432,Viscocity,UNKNOWN,GREEN,All watched tests are within expected ranges.
2025-10-09T13:50:47,box_2301728342368,Handheld API,UNKNOWN,GREEN,All watched tests are within expected ranges.
2025-10-09T13:52:47,box_2332332582384,BenchTop Bio,UNKNOWN,GREEN,All watched tests are within expected ranges.
2025-10-09T15:49:48,box_1840573733840,Multitek S,GREEN,UNKNOWN,Insufficient data for one or more tests.
2025-10-09T16:03:48,box_1840573733840,Multitek S,UNKNOWN,GREEN,All watched tests are within expected ranges.
2025-10-09T16:20:48,box_1840573738448,Mini Grabner,GREEN,UNKNOWN,Insufficient data for one or more tests.
2025-10-09T16:20:48,box_2301728342368,Handheld API,GREEN,UNKNOWN,Insufficient data for one or more tests.
2025-10-09T16:20:48,box_2332332582384,BenchTop Bio,GREEN,UNKNOWN,Insufficient data for one or more tests.
2025-10-09T16:20:49,box_1834023730592,AQUAMAX KF,GREEN,UNKNOWN,Insufficient data for one or more tests.
2025-10-10T08:25:55,box_1840573738448,Mini Grabner,UNKNOWN,GREEN,All watched tests are within expected ranges.
2025-10-10T08:30:55,box_1834023730592,AQUAMAX KF,UNKNOWN,GREEN,All watched tests are within expected ranges.
2025-10-10T08:40:55,box_1834023730592,AQUAMAX KF,GREEN,UNKNOWN,Insufficient data for one or more tests.
2025-10-10T08:55:55,box_1834023730592,AQUAMAX KF,UNKNOWN,GREEN,All watched tests are within expected ranges.
2025-10-10T09:14:55,box_2301728342368,Handheld API,UNKNOWN,GREEN,All watched tests are within expected ranges.
2025-10-10T09:14:56,box_2332332582384,BenchTop Bio,UNKNOWN,GREEN,All watched tests are within expected ranges.
2025-10-10T11:36:56,box_1840573737440,Auto Grabner,GREEN,YELLOW,Last in-spec QC is stale.
2025-10-14T10:01:12,box_1840573738448,Mini Grabner,UNKNOWN,GREEN,All watched tests are within expected ranges.
2025-10-14T11:38:13,box_2301728342368,Handheld API,UNKNOWN,GREEN,All watched tests are within expected ranges.
2025-10-14T12:54:55,box_1870507241056,Multitek NS,SERVICE,RED,Cached QC expired.
2025-10-14T14:18:15,box_1870507241056,Multitek NS,RED,GREEN,All watched tests are within expected ranges.
2025-10-14T15:44:55,box_2332332582384,BenchTop Bio,UNKNOWN,GREEN,All watched tests are within expected ranges.
2025-10-14T17:17:16,box_1840573733840,Multitek S,RED,GREEN,All watched tests are within expected ranges.
2025-10-14T17:27:16,box_1840573737440,Auto Grabner,GREEN,YELLOW,Last in-spec QC is stale.
2025-10-14T17:33:16,box_1870507241056,Multitek NS,GREEN,YELLOW,Last in-spec QC is stale.
2025-10-14T17:38:16,box_1870507241056,Multitek NS,YELLOW,GREEN,All watched tests are within expected ranges.
2025-10-14T18:32:17,box_2301728638432,Viscocity,GREEN,YELLOW,Last in-spec QC is stale.
2025-10-15T09:02:15,box_2301728342368,Handheld API,GREEN,UNKNOWN,Insufficient data for one or more tests.
2025-10-15T09:02:15,box_2332332582384,BenchTop Bio,GREEN,UNKNOWN,Insufficient data for one or more tests.
2025-10-15T09:06:15,box_1834023730592,AQUAMAX KF,GREEN,UNKNOWN,Insufficient data for one or more tests.
2025-10-15T09:25:15,box_1840573738448,Mini Grabner,GREEN,UNKNOWN,Insufficient data for one or more tests.
2025-10-15T09:36:15,box_1834023730592,AQUAMAX KF,UNKNOWN,GREEN,All watched tests are within expected ranges.
2025-10-15T09:55:15,box_1870504657248,Agilent GC,GREEN,YELLOW,Last in-spec QC is stale (cached).
2025-10-15T10:05:15,box_1870504657248,Agilent GC,YELLOW,GREEN,All watched tests are within expected ranges.
2025-10-15T10:05:15,box_1840573737440,Auto Grabner,YELLOW,GREEN,All watched tests are within expected ranges.
2025-10-15T10:09:15,box_1840573738448,Mini Grabner,UNKNOWN,GREEN,All watched tests are within expected ranges.
2025-10-15T11:26:15,box_2301728342368,Handheld API,UNKNOWN,GREEN,All watched tests are within expected ranges.
2025-10-15T16:48:15,box_2332332582384,BenchTop Bio,UNKNOWN,GREEN,All watched tests are within expected ranges.
2025-10-15T16:49:15,box_175810797800002,OptiMPP 2,SERVICE,UNKNOWN,Insufficient data for one or more tests.
2025-10-15T17:17:15,box_1840573733840,Multitek S,GREEN,YELLOW,Last in-spec QC is stale.
2025-10-15T17:21:15,box_2301728342368,Handheld API,GREEN,UNKNOWN,Insufficient data for one or more tests.
2025-10-15T17:21:15,box_2332332582384,BenchTop Bio,GREEN,UNKNOWN,Insufficient data for one or more tests.
2025-10-15T17:38:15,box_1870507241056,Multitek NS,GREEN,YELLOW,Last in-spec QC is stale.
2025-10-16T08:39:17,box_2096856031904,PAC Flash 1,GREEN,YELLOW,Last in-spec QC is stale.
2025-10-16T08:40:17,box_2201765855296,PAC Flash 2,GREEN,YELLOW,Last in-spec QC is stale.
2025-10-16T08:50:17,box_1840573733840,Multitek S,YELLOW,GREEN,All watched tests are within expected ranges.
2025-10-16T09:20:41,box_2201765855296,PAC Flash 2,YELLOW,GREEN,All watched tests are within expected ranges.
2025-10-16T09:20:41,box_2096856031904,PAC Flash 1,YELLOW,GREEN,All watched tests are within expected ranges.
2025-10-16T09:28:41,box_1834023730592,AQUAMAX KF,GREEN,UNKNOWN,Insufficient data for one or more tests.
2025-10-16T09:29:41,box_1834023730592,AQUAMAX KF,UNKNOWN,GREEN,All watched tests are within expected ranges.
2025-10-16T10:04:41,box_1840573737440,Auto Grabner,GREEN,YELLOW,Last in-spec QC is stale.
2025-10-16T13:36:41,box_1870504657248,Agilent GC,GREEN,YELLOW,Last in-spec QC is stale (cached).
2025-10-16T13:52:41,box_1870504657248,Agilent GC,YELLOW,GREEN,All watched tests are within expected ranges.
2025-10-16T17:38:37,box_1870507241056,Multitek NS,YELLOW,RED,Cached QC expired.
2025-10-17T08:20:39,box_1840573738448,Mini Grabner,GREEN,UNKNOWN,Insufficient data for one or more tests.
2025-10-17T08:21:39,box_1840573738448,Mini Grabner,UNKNOWN,GREEN,All watched tests are within expected ranges.
2025-10-17T09:04:39,box_1834023730592,AQUAMAX KF,GREEN,UNKNOWN,Insufficient data for one or more tests.
2025-10-17T09:06:39,box_1834023730592,AQUAMAX KF,UNKNOWN,GREEN,All watched tests are within expected ranges.
2025-10-17T13:52:41,box_1870504657248,Agilent GC,GREEN,YELLOW,Last in-spec QC is stale (cached).
2025-10-18T08:46:42,box_1840573733840,Multitek S,GREEN,YELLOW,Last in-spec QC is stale.
2025-10-18T09:04:42,box_1840573738448,Mini Grabner,GREEN,YELLOW,Last in-spec QC is stale (cached).
2025-10-18T09:07:43,box_1834023730592,AQUAMAX KF,GREEN,YELLOW,Last in-spec QC is stale (cached).
2025-10-18T09:12:42,box_2201765855296,PAC Flash 2,GREEN,YELLOW,Last in-spec QC is stale.
2025-10-18T09:12:42,box_2096856031904,PAC Flash 1,GREEN,YELLOW,Last in-spec QC is stale.
2025-10-18T13:52:45,box_1870504657248,Agilent GC,YELLOW,RED,Cached QC expired.
2025-10-19T09:04:47,box_1840573738448,Mini Grabner,YELLOW,RED,Cached QC expired.
2025-10-19T09:07:47,box_1834023730592,AQUAMAX KF,YELLOW,RED,Cached QC expired.
2025-10-20T09:32:48,box_2096856031904,PAC Flash 1,YELLOW,GREEN,All watched tests are within expected ranges.
2025-10-20T09:33:48,box_2201765855296,PAC Flash 2,YELLOW,GREEN,All watched tests are within expected ranges.
2025-10-20T09:41:48,box_1834023730592,AQUAMAX KF,RED,GREEN,All watched tests are within expected ranges.
2025-10-20T09:55:48,box_2301728342368,Handheld API,UNKNOWN,GREEN,All watched tests are within expected ranges.
2025-10-20T09:58:48,box_2332332582384,BenchTop Bio,UNKNOWN,GREEN,All watched tests are within expected ranges.
2025-10-20T10:01:48,box_1840573738448,Mini Grabner,RED,GREEN,All watched tests are within expected ranges.
2025-10-20T10:02:48,box_1840573737440,Auto Grabner,YELLOW,GREEN,All watched tests are within expected ranges.
2025-10-20T10:05:48,box_2301728638432,Viscocity,YELLOW,UNKNOWN,Insufficient data for one or more tests.
2025-10-20T12:09:48,box_1840573733840,Multitek S,YELLOW,RED,Cached QC expired.
2025-10-20T12:23:48,box_1840573733840,Multitek S,RED,GREEN,All watched tests are within expected ranges.
2025-10-20T14:29:49,box_1870504657248,Agilent GC,RED,GREEN,All watched tests are within expected ranges.
2025-10-20T14:36:49,box_175810797800002,OptiMPP 2,SERVICE,RED,At least one watched test is out of spec or missing.
2025-10-20T15:03:49,box_175810797800001,OptiMPP 1,UNKNOWN,GREEN,All watched tests are within expected ranges.
2025-10-20T16:30:49,box_1870507241056,Multitek NS,RED,GREEN,All watched tests are within expected ranges.
2025-10-20T17:27:49,box_2301728342368,Handheld API,GREEN,UNKNOWN,Insufficient data for one or more tests.
2025-10-20T17:27:50,box_2332332582384,BenchTop Bio,GREEN,UNKNOWN,Insufficient data for one or more tests.
2025-10-20T19:43:49,box_1870507241056,Multitek NS,GREEN,RED,At least one watched test is out of spec or missing.
2025-10-20T19:59:49,box_1870507241056,Multitek NS,RED,GREEN,All watched tests are within expected ranges.
2025-10-20T20:15:49,box_1870507241056,Multitek NS,GREEN,RED,At least one watched test is out of spec or missing.
2025-10-21T09:46:49,box_1870507241056,Multitek NS,RED,GREEN,All watched tests are within expected ranges.
2025-10-21T13:50:51,box_2301728342368,Handheld API,UNKNOWN,GREEN,All watched tests are within expected ranges.
2025-10-21T14:09:51,box_2332332582384,BenchTop Bio,UNKNOWN,GREEN,All watched tests are within expected ranges.
2025-10-21T14:29:51,box_1870504657248,Agilent GC,GREEN,YELLOW,Last in-spec QC is stale (cached).
2025-10-21T16:58:51,box_2301728342368,Handheld API,GREEN,UNKNOWN,Insufficient data for one or more tests.
2025-10-21T16:58:51,box_2332332582384,BenchTop Bio,GREEN,UNKNOWN,Insufficient data for one or more tests.
2025-10-22T08:45:51,box_2096856031904,PAC Flash 1,GREEN,YELLOW,Last in-spec QC is stale.
2025-10-22T08:46:51,box_2201765855296,PAC Flash 2,GREEN,YELLOW,Last in-spec QC is stale.
2025-10-22T08:55:51,box_1840573737440,Auto Grabner,GREEN,YELLOW,Last in-spec QC is stale.
2025-10-22T09:22:51,box_2096856031904,PAC Flash 1,YELLOW,UNKNOWN,Insufficient data for one or more tests.
2025-10-22T09:31:51,box_2096856031904,PAC Flash 1,UNKNOWN,GREEN,All watched tests are within expected ranges.
2025-10-22T09:32:51,box_2201765855296,PAC Flash 2,YELLOW,GREEN,All watched tests are within expected ranges.
2025-10-22T09:59:51,box_1840573737440,Auto Grabner,YELLOW,GREEN,All watched tests are within expected ranges.
2025-10-22T11:20:51,box_2301728342368,Handheld API,UNKNOWN,GREEN,All watched tests are within expected ranges.
2025-10-22T11:35:52,box_1840573738448,Mini Grabner,GREEN,YELLOW,Last in-spec QC is stale (cached).
2025-10-22T11:39:52,box_2332332582384,BenchTop Bio,UNKNOWN,RED,At least one watched test is out of spec or missing.
2025-10-22T12:11:52,box_2332332582384,BenchTop Bio,RED,GREEN,All watched tests are within expected ranges.
2025-10-22T12:22:52,box_1870507241056,Multitek NS,GREEN,YELLOW,Last in-spec QC is stale.
2025-10-22T14:29:52,box_1870504657248,Agilent GC,YELLOW,RED,Cached QC expired.
2025-10-22T14:34:52,box_175810797800002,OptiMPP 2,RED,UNKNOWN,Insufficient data for one or more tests.
2025-10-22T15:33:15,box_175810797800002,OptiMPP 2,UNKNOWN,GREEN,All watched tests are within expected ranges.
2025-10-22T16:14:52,box_1840573733840,Multitek S,GREEN,YELLOW,Last in-spec QC is stale.
2025-10-22T16:34:52,box_1870507241056,Multitek NS,YELLOW,GREEN,All watched tests are within expected ranges.
2025-10-23T09:16:54,box_2301728342368,Handheld API,GREEN,UNKNOWN,Insufficient data for one or more tests.
2025-10-23T09:16:54,box_2332332582384,BenchTop Bio,GREEN,UNKNOWN,Insufficient data for one or more tests.
2025-10-23T09:16:54,box_1834023730592,AQUAMAX KF,GREEN,UNKNOWN,Insufficient data for one or more tests.
2025-10-23T09:18:54,box_1840573738448,Mini Grabner,YELLOW,UNKNOWN,Insufficient data for one or more tests.
2025-10-23T09:30:54,box_1840573738448,Mini Grabner,UNKNOWN,GREEN,All watched tests are within expected ranges.
2025-10-23T09:33:54,box_1834023730592,AQUAMAX KF,UNKNOWN,GREEN,All watched tests are within expected ranges.
2025-10-23T09:59:54,box_1840573737440,Auto Grabner,GREEN,YELLOW,Last in-spec QC is stale.
2025-10-23T11:53:54,box_1870504657248,Agilent GC,RED,GREEN,All watched tests are within expected ranges.
2025-10-23T11:54:54,box_2301728342368,Handheld API,UNKNOWN,GREEN,All watched tests are within expected ranges.
2025-10-23T11:54:54,box_2332332582384,BenchTop Bio,UNKNOWN,GREEN,All watched tests are within expected ranges.
2025-10-23T16:34:55,box_1870507241056,Multitek NS,GREEN,YELLOW,Last in-spec QC is stale.
2025-10-23T16:57:55,box_2301728342368,Handheld API,GREEN,UNKNOWN,Insufficient data for one or more tests.
2025-10-23T16:57:55,box_2332332582384,BenchTop Bio,GREEN,UNKNOWN,Insufficient data for one or more tests.
2025-10-23T17:06:55,box_2301728638432,Viscocity,UNKNOWN,RED,At least one watched test is out of spec or missing.
2025-10-23T17:08:55,box_2301728638432,Viscocity,RED,UNKNOWN,Insufficient data for one or more tests.
2025-10-23T17:17:55,box_1870507241056,Multitek NS,YELLOW,GREEN,All watched tests are within expected ranges.
2025-10-24T08:51:55,box_1840573733840,Multitek S,RED,YELLOW,Last in-spec QC is stale.
2025-10-24T09:23:55,box_2096856031904,PAC Flash 1,GREEN,YELLOW,Last in-spec QC is stale.
2025-10-24T09:24:56,box_2201765855296,PAC Flash 2,GREEN,YELLOW,Last in-spec QC is stale.
2025-10-24T09:26:55,box_1840573737440,Auto Grabner,YELLOW,GREEN,All watched tests are within expected ranges.
2025-10-24T09:29:55,box_2201765855296,PAC Flash 2,YELLOW,GREEN,All watched tests are within expected ranges.
2025-10-24T09:29:55,box_2096856031904,PAC Flash 1,YELLOW,GREEN,All watched tests are within expected ranges.
2025-10-24T10:17:55,box_2201765855296,PAC Flash 2,GREEN,UNKNOWN,Insufficient data for one or more tests.
2025-10-24T11:12:56,box_2301728638432,Viscocity,UNKNOWN,GREEN,All watched tests are within expected ranges.
2025-10-24T11:17:55,box_1840573738448,Mini Grabner,GREEN,YELLOW,Last in-spec QC is stale (cached).
2025-10-24T11:29:56,box_2301728342368,Handheld API,UNKNOWN,GREEN,All watched tests are within expected ranges.
2025-10-24T11:29:56,box_2332332582384,BenchTop Bio,UNKNOWN,GREEN,All watched tests are within expected ranges.
2025-10-24T13:37:57,box_1840573733840,Multitek S,YELLOW,RED,Cached QC expired.
2025-10-24T13:51:57,box_1840573733840,Multitek S,RED,GREEN,All watched tests are within expected ranges.
2025-10-24T14:22:57,box_2201765855296,PAC Flash 2,UNKNOWN,GREEN,All watched tests are within expected ranges.
2025-10-24T17:17:57,box_1870507241056,Multitek NS,GREEN,YELLOW,Last in-spec QC is stale.
2025-10-24T17:24:57,box_1870504657248,Agilent GC,GREEN,YELLOW,Last in-spec QC is stale.
2025-10-25T09:27:03,box_1840573737440,Auto Grabner,GREEN,YELLOW,Last in-spec QC is stale.
2025-10-25T09:29:03,box_2096856031904,PAC Flash 1,GREEN,YELLOW,Last in-spec QC is stale.
2025-10-25T11:12:03,box_2301728638432,Viscocity,GREEN,YELLOW,Last in-spec QC is stale.
2025-10-25T11:18:03,box_1840573738448,Mini Grabner,YELLOW,RED,Cached QC expired.
2025-10-25T12:08:03,box_2332332582384,BenchTop Bio,GREEN,YELLOW,Last in-spec QC is stale.
2025-10-25T12:08:03,box_1834023730592,AQUAMAX KF,GREEN,YELLOW,Last in-spec QC is stale.
2025-10-25T12:26:03,box_2301728342368,Handheld API,GREEN,YELLOW,Last in-spec QC is stale.
2025-10-25T14:23:03,box_2201765855296,PAC Flash 2,GREEN,YELLOW,Last in-spec QC is stale.
2025-10-25T18:36:03,box_1840573733840,Multitek S,GREEN,YELLOW,Last in-spec QC is stale.
2025-10-27T08:27:12,box_2096856031904,PAC Flash 1,YELLOW,GREEN,All watched tests are within expected ranges.
2025-10-27T08:28:12,box_2201765855296,PAC Flash 2,YELLOW,GREEN,All watched tests are within expected ranges.
2025-10-27T08:40:12,box_1840573738448,Mini Grabner,RED,GREEN,All watched tests are within expected ranges.
2025-10-27T08:42:12,box_1834023730592,AQUAMAX KF,YELLOW,GREEN,All watched tests are within expected ranges.
2025-10-27T08:55:12,box_1840573737440,Auto Grabner,YELLOW,GREEN,All watched tests are within expected ranges.
2025-10-27T09:21:12,box_2301728638432,Viscocity,YELLOW,RED,Cached QC expired.
2025-10-27T09:21:12,box_2301728342368,Handheld API,YELLOW,UNKNOWN,Insufficient data for one or more tests.
2025-10-27T09:21:12,box_2332332582384,BenchTop Bio,YELLOW,UNKNOWN,Insufficient data for one or more tests.
2025-10-27T09:42:12,box_1840573738448,Mini Grabner,GREEN,UNKNOWN,Insufficient data for one or more tests.
2025-10-27T09:43:12,box_1840573738448,Mini Grabner,UNKNOWN,GREEN,All watched tests are within expected ranges.
2025-10-27T09:45:12,box_1870504657248,Agilent GC,YELLOW,GREEN,All watched tests are within expected ranges.
2025-10-27T10:08:12,box_2301728342368,Handheld API,UNKNOWN,RED,At least one watched test is out of spec or missing.
2025-10-27T10:10:12,box_2301728342368,Handheld API,RED,GREEN,All watched tests are within expected ranges.
2025-10-27T10:23:12,box_2301728638432,Viscocity,RED,GREEN,All watched tests are within expected ranges.
2025-10-27T10:24:12,box_2332332582384,BenchTop Bio,UNKNOWN,GREEN,All watched tests are within expected ranges.
2025-10-27T14:39:15,box_175810797800001,OptiMPP 1,GREEN,YELLOW,Last in-spec QC is stale (cached).
2025-10-27T15:44:15,box_1840573733840,Multitek S,YELLOW,RED,Cached QC expired.
2025-10-27T17:56:15,box_2301728342368,Handheld API,GREEN,UNKNOWN,Insufficient data for one or more tests.
2025-10-27T17:56:15,box_2332332582384,BenchTop Bio,GREEN,UNKNOWN,Insufficient data for one or more tests.
2025-10-27T18:15:15,box_1870507241056,Multitek NS,YELLOW,RED,Cached QC expired.
2025-10-27T18:31:15,box_1870507241056,Multitek NS,RED,GREEN,All watched tests are within expected ranges.
2025-10-28T08:31:17,box_1840573737440,Auto Grabner,GREEN,UNKNOWN,Insufficient data for one or more tests.
2025-10-28T08:31:17,box_1834023730592,AQUAMAX KF,GREEN,UNKNOWN,Insufficient data for one or more tests.
2025-10-28T09:45:17,box_1870504657248,Agilent GC,GREEN,YELLOW,Last in-spec QC is stale.
2025-10-28T09:54:18,box_2301728342368,Handheld API,UNKNOWN,GREEN,All watched tests are within expected ranges.
2025-10-28T09:56:18,box_1834023730592,AQUAMAX KF,UNKNOWN,GREEN,All watched tests are within expected ranges.
2025-10-28T10:04:18,box_2332332582384,BenchTop Bio,UNKNOWN,GREEN,All watched tests are within expected ranges.
2025-10-28T12:58:19,box_1870504657248,Agilent GC,YELLOW,GREEN,All watched tests are within expected ranges.
2025-10-28T14:07:21,box_175810797800001,OptiMPP 1,YELLOW,UNKNOWN,Insufficient data for one or more tests.
2025-10-28T16:29:21,box_1840573733840,Multitek S,RED,GREEN,All watched tests are within expected ranges.
2025-10-28T16:52:21,box_2301728342368,Handheld API,GREEN,UNKNOWN,Insufficient data for one or more tests.
2025-10-28T16:52:21,box_2332332582384,BenchTop Bio,GREEN,UNKNOWN,Insufficient data for one or more tests.
2025-10-28T18:31:21,box_1870507241056,Multitek NS,GREEN,YELLOW,Last in-spec QC is stale (cached).
2025-10-29T08:25:23,box_2096856031904,PAC Flash 1,GREEN,YELLOW,Last in-spec QC is stale.
2025-10-29T08:26:23,box_2201765855296,PAC Flash 2,GREEN,YELLOW,Last in-spec QC is stale.
2025-10-29T08:57:23,box_2096856031904,PAC Flash 1,YELLOW,GREEN,All watched tests are within expected ranges.
2025-10-29T08:58:23,box_2201765855296,PAC Flash 2,YELLOW,GREEN,All watched tests are within expected ranges.
2025-10-29T09:10:25,box_1840573737440,Auto Grabner,UNKNOWN,GREEN,All watched tests are within expected ranges.
2025-10-29T12:58:24,box_1870504657248,Agilent GC,GREEN,YELLOW,Last in-spec QC is stale (cached).
2025-10-29T14:35:26,box_175810797800002,OptiMPP 2,GREEN,YELLOW,Last in-spec QC is stale (cached).
2025-10-29T15:35:26,box_1870504657248,Agilent GC,YELLOW,GREEN,All watched tests are within expected ranges.
2025-10-29T17:41:26,box_2301728638432,Viscocity,GREEN,YELLOW,Last in-spec QC is stale.
2025-10-29T18:31:27,box_1870507241056,Multitek NS,YELLOW,RED,Cached QC expired.
2025-10-30T09:10:30,box_1840573737440,Auto Grabner,GREEN,YELLOW,Last in-spec QC is stale.
2025-10-30T09:59:30,box_1840573738448,Mini Grabner,GREEN,YELLOW,Last in-spec QC is stale (cached).
2025-10-30T10:38:30,box_1840573738448,Mini Grabner,YELLOW,GREEN,All watched tests are within expected ranges.
2025-10-30T11:14:30,box_2301728342368,Handheld API,UNKNOWN,RED,At least one watched test is out of spec or missing.
2025-10-30T11:16:30,box_2332332582384,BenchTop Bio,UNKNOWN,RED,At least one watched test is out of spec or missing.
2025-10-30T11:17:30,box_2301728342368,Handheld API,RED,GREEN,All watched tests are within expected ranges.
2025-10-30T13:34:32,box_1834023730592,AQUAMAX KF,GREEN,YELLOW,Last in-spec QC is stale (cached).
2025-10-30T13:41:32,box_2332332582384,BenchTop Bio,RED,GREEN,All watched tests are within expected ranges.
2025-10-30T13:44:32,box_2301728638432,Viscocity,YELLOW,GREEN,All watched tests are within expected ranges.
2025-10-30T15:23:32,box_1840573733840,Multitek S,GREEN,YELLOW,Last in-spec QC is stale.
2025-10-30T15:35:32,box_1870504657248,Agilent GC,GREEN,YELLOW,Last in-spec QC is stale (cached).
2025-10-30T16:43:33,box_1870504657248,Agilent GC,YELLOW,GREEN,All watched tests are within expected ranges.
2025-10-30T17:03:33,box_1840573733840,Multitek S,YELLOW,GREEN,All watched tests are within expected ranges.
2025-10-31T08:54:36,box_1870507241056,Multitek NS,RED,GREEN,All watched tests are within expected ranges.
2025-10-31T08:54:36,box_2301728342368,Handheld API,GREEN,UNKNOWN,Insufficient data for one or more tests.
2025-10-31T08:54:36,box_2332332582384,BenchTop Bio,GREEN,UNKNOWN,Insufficient data for one or more tests.
2025-10-31T08:56:36,box_1834023730592,AQUAMAX KF,YELLOW,GREEN,All watched tests are within expected ranges.
2025-10-31T10:02:36,box_2301728342368,Handheld API,UNKNOWN,GREEN,All watched tests are within expected ranges.
2025-10-31T10:18:36,box_2332332582384,BenchTop Bio,UNKNOWN,GREEN,All watched tests are within expected ranges.
2025-10-31T11:43:36,box_175810797800002,OptiMPP 2,YELLOW,UNKNOWN,Insufficient data for one or more tests.
2025-10-31T17:02:38,box_1840573733840,Multitek S,GREEN,YELLOW,Last in-spec QC is stale.
2025-11-01T08:46:41,box_2096856031904,PAC Flash 1,GREEN,YELLOW,Last in-spec QC is stale.
2025-11-01T08:47:41,box_2201765855296,PAC Flash 2,GREEN,YELLOW,Last in-spec QC is stale.
2025-11-01T08:54:41,box_1870507241056,Multitek NS,GREEN,YELLOW,Last in-spec QC is stale.
2025-11-01T10:17:41,box_2301728342368,Handheld API,GREEN,YELLOW,Last in-spec QC is stale.
2025-11-01T10:19:41,box_1834023730592,AQUAMAX KF,GREEN,YELLOW,Last in-spec QC is stale.
2025-11-01T10:24:41,box_2301728638432,Viscocity,GREEN,YELLOW,Last in-spec QC is stale.
2025-11-01T10:29:41,box_2332332582384,BenchTop Bio,GREEN,YELLOW,Last in-spec QC is stale.
2025-11-01T12:55:41,box_1870504657248,Agilent GC,GREEN,YELLOW,Last in-spec QC is stale.
2025-11-01T13:22:41,box_1840573738448,Mini Grabner,GREEN,YELLOW,Last in-spec QC is stale.
2025-11-03T09:02:50,box_1840573733840,Multitek S,YELLOW,RED,Cached QC expired.
2025-11-03T09:11:50,box_1840573738448,Mini Grabner,YELLOW,RED,Cached QC expired.
2025-11-03T09:11:50,box_2301728342368,Handheld API,YELLOW,UNKNOWN,Insufficient data for one or more tests.
2025-11-03T09:11:50,box_2332332582384,BenchTop Bio,YELLOW,UNKNOWN,Insufficient data for one or more tests.
2025-11-03T09:11:50,box_1834023730592,AQUAMAX KF,YELLOW,RED,Cached QC expired.
2025-11-03T09:12:50,box_2301728638432,Viscocity,YELLOW,RED,Cached QC expired.
2025-11-03T09:25:50,box_2096856031904,PAC Flash 1,YELLOW,RED,Cached QC expired.
2025-11-03T09:31:50,box_1840573738448,Mini Grabner,RED,UNKNOWN,Insufficient data for one or more tests.
2025-11-03T09:31:50,box_2096856031904,PAC Flash 1,RED,GREEN,All watched tests are within expected ranges.
2025-11-03T09:31:50,box_1834023730592,AQUAMAX KF,RED,UNKNOWN,Insufficient data for one or more tests.
2025-11-03T09:32:50,box_2201765855296,PAC Flash 2,YELLOW,GREEN,All watched tests are within expected ranges.
2025-11-03T09:34:50,box_1834023730592,AQUAMAX KF,UNKNOWN,GREEN,All watched tests are within expected ranges.
2025-11-03T09:38:50,box_1840573738448,Mini Grabner,UNKNOWN,GREEN,All watched tests are within expected ranges.
2025-11-03T10:09:50,box_1840573737440,Auto Grabner,YELLOW,GREEN,All watched tests are within expected ranges.
2025-11-03T10:29:50,box_2301728342368,Handheld API,UNKNOWN,GREEN,All watched tests are within expected ranges.
2025-11-03T10:36:50,box_1870504657248,Agilent GC,YELLOW,RED,Cached QC expired.
2025-11-03T10:37:50,box_1870504657248,Agilent GC,RED,GREEN,All watched tests are within expected ranges.
2025-11-03T11:35:50,box_2332332582384,BenchTop Bio,UNKNOWN,GREEN,All watched tests are within expected ranges.
2025-11-03T17:09:53,box_1870507241056,Multitek NS,YELLOW,RED,Cached QC expired.
2025-11-03T17:10:53,box_2301728342368,Handheld API,GREEN,UNKNOWN,Insufficient data for one or more tests.
2025-11-03T17:10:53,box_2332332582384,BenchTop Bio,GREEN,UNKNOWN,Insufficient data for one or more tests.
2025-11-03T17:14:53,box_1840573733840,Multitek S,RED,GREEN,All watched tests are within expected ranges.
2025-11-03T17:25:53,box_1870507241056,Multitek NS,RED,GREEN,All watched tests are within expected ranges.
2025-11-04T10:10:24,box_1840573737440,Auto Grabner,GREEN,YELLOW,Last in-spec QC is stale.
2025-11-04T11:44:15,box_2301728342368,Handheld API,UNKNOWN,GREEN,All watched tests are within expected ranges.
2025-11-04T11:44:23,box_2332332582384,BenchTop Bio,UNKNOWN,GREEN,All watched tests are within expected ranges.
2025-11-04T12:39:01,box_2301728638432,Viscocity,RED,UNKNOWN,Insufficient data for one or more tests.
2025-11-04T12:43:02,box_2301728638432,Viscocity,UNKNOWN,GREEN,All watched tests are within expected ranges.
2025-11-04T16:53:02,box_2301728342368,Handheld API,GREEN,UNKNOWN,Insufficient data for one or more tests.
2025-11-04T16:53:02,box_2332332582384,BenchTop Bio,GREEN,UNKNOWN,Insufficient data for one or more tests.
2025-11-04T17:15:02,box_1840573733840,Multitek S,GREEN,YELLOW,Last in-spec QC is stale (cached).
2025-11-04T17:25:02,box_1870507241056,Multitek NS,GREEN,YELLOW,Last in-spec QC is stale (cached).
2025-11-04T17:26:02,box_1840573733840,Multitek S,YELLOW,GREEN,All watched tests are within expected ranges.
2025-11-05T09:10:08,box_2096856031904,PAC Flash 1,GREEN,YELLOW,Last in-spec QC is stale.
2025-11-05T09:11:08,box_2201765855296,PAC Flash 2,GREEN,YELLOW,Last in-spec QC is stale.
2025-11-05T10:05:09,box_1834023730592,AQUAMAX KF,GREEN,UNKNOWN,Insufficient data for one or more tests.
2025-11-05T10:07:09,box_1834023730592,AQUAMAX KF,UNKNOWN,GREEN,All watched tests are within expected ranges.
2025-11-05T10:18:09,box_1834023730592,AQUAMAX KF,GREEN,UNKNOWN,Insufficient data for one or more tests.
2025-11-05T10:28:09,box_1834023730592,AQUAMAX KF,UNKNOWN,GREEN,All watched tests are within expected ranges.
2025-11-05T17:07:13,box_1870504657248,Agilent GC,GREEN,YELLOW,Last in-spec QC is stale (cached).
2025-11-05T17:25:13,box_1870507241056,Multitek NS,YELLOW,RED,Cached QC expired.
2025-11-05T17:26:13,box_1840573733840,Multitek S,GREEN,YELLOW,Last in-spec QC is stale.
2025-11-06T08:34:14,box_2096856031904,PAC Flash 1,YELLOW,GREEN,All watched tests are within expected ranges.
2025-11-06T08:35:14,box_2201765855296,PAC Flash 2,YELLOW,GREEN,All watched tests are within expected ranges.
2025-11-06T08:39:14,box_1834023730592,AQUAMAX KF,GREEN,UNKNOWN,Insufficient data for one or more tests.
2025-11-06T08:47:14,box_1840573733840,Multitek S,YELLOW,GREEN,All watched tests are within expected ranges.
2025-11-06T08:49:14,box_1840573737440,Auto Grabner,YELLOW,GREEN,All watched tests are within expected ranges.
2025-11-06T10:05:14,box_1834023730592,AQUAMAX KF,UNKNOWN,GREEN,All watched tests are within expected ranges.
2025-11-06T10:34:00,box_1870507241920,Eraspec,SERVICE,RED,At least one watched test is out of spec or missing.
2025-11-06T12:45:17,box_2301728342368,Handheld API,UNKNOWN,RED,At least one watched test is out of spec or missing.
2025-11-06T12:48:17,box_2301728342368,Handheld API,RED,GREEN,All watched tests are within expected ranges.
2025-11-06T12:49:17,box_2332332582384,BenchTop Bio,UNKNOWN,RED,At least one watched test is out of spec or missing.
2025-11-06T14:33:17,box_2301728638432,Viscocity,GREEN,YELLOW,Last in-spec QC is stale.
2025-11-06T15:16:18,box_1870507241056,Multitek NS,RED,GREEN,All watched tests are within expected ranges.
2025-11-06T16:08:18,box_1870504657248,Agilent GC,YELLOW,GREEN,All watched tests are within expected ranges.
2025-11-06T16:50:18,box_2301728342368,Handheld API,GREEN,UNKNOWN,Insufficient data for one or more tests.
2025-11-06T16:50:18,box_2332332582384,BenchTop Bio,RED,UNKNOWN,Insufficient data for one or more tests.
2025-11-07T08:38:19,box_1834023730592,AQUAMAX KF,GREEN,UNKNOWN,Insufficient data for one or more tests.
2025-11-07T08:39:19,box_1834023730592,AQUAMAX KF,UNKNOWN,GREEN,All watched tests are within expected ranges.
2025-11-07T08:47:19,box_1840573733840,Multitek S,GREEN,YELLOW,Last in-spec QC is stale.
2025-11-07T08:49:19,box_1840573737440,Auto Grabner,GREEN,YELLOW,Last in-spec QC is stale.
2025-11-07T15:16:21,box_1870507241056,Multitek NS,GREEN,YELLOW,Last in-spec QC is stale.
2025-11-07T17:28:25,box_1840573733840,Multitek S,YELLOW,GREEN,All watched tests are within expected ranges.
2025-11-08T08:17:28,box_2096856031904,PAC Flash 1,GREEN,YELLOW,Last in-spec QC is stale.
2025-11-08T08:18:28,box_2201765855296,PAC Flash 2,GREEN,YELLOW,Last in-spec QC is stale.
2025-11-08T10:22:29,box_1834023730592,AQUAMAX KF,GREEN,YELLOW,Last in-spec QC is stale (cached).
2025-11-08T10:53:29,box_1840573738448,Mini Grabner,GREEN,YELLOW,Last in-spec QC is stale (cached).
2025-11-08T15:46:33,box_1870504657248,Agilent GC,GREEN,YELLOW,Last in-spec QC is stale (cached).
2025-11-08T17:28:33,box_1840573733840,Multitek S,GREEN,YELLOW,Last in-spec QC is stale.
2025-11-09T03:35:37,box_1870507241056,Multitek NS,RED,YELLOW,Last in-spec QC is stale.
2025-11-09T03:35:37,box_1840573737440,Auto Grabner,RED,YELLOW,Last in-spec QC is stale.
2025-11-09T03:35:37,box_2301728638432,Viscocity,RED,YELLOW,Last in-spec QC is stale.
2025-11-09T10:22:40,box_1834023730592,AQUAMAX KF,YELLOW,RED,Cached QC expired.
2025-11-09T10:52:40,box_1840573738448,Mini Grabner,YELLOW,RED,Cached QC expired.
2025-11-09T15:46:42,box_1870504657248,Agilent GC,YELLOW,RED,Cached QC expired.
2025-11-10T08:37:46,box_2096856031904,PAC Flash 1,YELLOW,RED,At least one watched test is out of spec or missing.
2025-11-10T08:38:46,box_2201765855296,PAC Flash 2,YELLOW,GREEN,All watched tests are within expected ranges.
2025-11-10T08:47:46,box_1840573738448,Mini Grabner,RED,GREEN,All watched tests are within expected ranges.
2025-11-10T08:48:46,box_1834023730592,AQUAMAX KF,RED,UNKNOWN,Insufficient data for one or more tests.
2025-11-10T08:53:46,box_1834023730592,AQUAMAX KF,UNKNOWN,GREEN,All watched tests are within expected ranges.
2025-11-10T10:50:48,box_1834023730592,AQUAMAX KF,GREEN,UNKNOWN,Insufficient data for one or more tests.
2025-11-10T10:51:48,box_1834023730592,AQUAMAX KF,UNKNOWN,GREEN,All watched tests are within expected ranges.
2025-11-10T11:38:18,box_1870507241056,Multitek NS,YELLOW,RED,At least one watched test is out of spec or missing.
2025-11-10T11:38:18,box_2201765855296,PAC Flash 2,GREEN,RED,At least one watched test is out of spec or missing.
2025-11-10T11:38:18,box_1840573737440,Auto Grabner,YELLOW,RED,At least one watched test is out of spec or missing.
2025-11-10T11:38:18,box_1840573738448,Mini Grabner,GREEN,RED,At least one watched test is out of spec or missing.
2025-11-10T11:38:18,box_1840573733840,Multitek S,YELLOW,RED,At least one watched test is out of spec or missing.
2025-11-10T11:38:18,box_2301728638432,Viscocity,YELLOW,RED,At least one watched test is out of spec or missing.
2025-11-10T11:38:18,box_1834023730592,AQUAMAX KF,GREEN,RED,At least one watched test is out of spec or missing.
2025-11-10T11:40:05,box_1840573738448,Mini Grabner,GREEN,UNKNOWN,Insufficient data for one or more tests.
2025-11-10T11:40:39,box_2096856031904,PAC Flash 1,RED,UNKNOWN,Insufficient data for one or more tests.
2025-11-10T11:40:52,box_2201765855296,PAC Flash 2,GREEN,UNKNOWN,Insufficient data for one or more tests.
2025-11-10T11:41:12,box_1840573737440,Auto Grabner,YELLOW,UNKNOWN,Insufficient data for one or more tests.
2025-11-10T11:41:21,box_1834023730592,AQUAMAX KF,GREEN,UNKNOWN,Insufficient data for one or more tests.
2025-11-10T11:42:09,box_2301728638432,Viscocity,YELLOW,UNKNOWN,Insufficient data for one or more tests.
2025-11-10T11:42:36,box_1870507241056,Multitek NS,YELLOW,UNKNOWN,Insufficient data for one or more tests.
2025-11-10T11:42:44,box_1840573733840,Multitek S,YELLOW,UNKNOWN,Insufficient data for one or more tests.
2025-11-10T11:43:01,box_1870504657248,Agilent GC,YELLOW,UNKNOWN,Insufficient data for one or more tests.
2025-11-10T12:15:34,box_1870507241920,Eraspec,RED,UNKNOWN,Insufficient data for one or more tests.
2025-11-10T12:20:16,box_1870507241920,Eraspec,UNKNOWN,RED,At least one watched test is out of spec or missing.
2025-11-10T12:48:16,box_2301728638432,Viscocity,UNKNOWN,RED,At least one watched test is out of spec or missing.
2025-11-10T15:24:17,box_1834023730592,AQUAMAX KF,UNKNOWN,GREEN,All watched tests are within expected ranges.
2025-11-10T15:35:17,box_1870507241056,Multitek NS,UNKNOWN,RED,At least one watched test is out of spec or missing.
2025-11-10T15:47:18,box_1870504657248,Agilent GC,UNKNOWN,RED,At least one watched test is out of spec or missing.
2025-11-10T15:53:34,box_1870507241056,Multitek NS,RED,GREEN,All watched tests are within expected ranges.
2025-11-11T11:58:26,box_1840573737440,Auto Grabner,UNKNOWN,GREEN,All watched tests are within expected ranges.
2025-11-11T13:53:28,box_1834023730592,AQUAMAX KF,GREEN,UNKNOWN,Insufficient data for one or more tests.
2025-11-11T14:00:39,box_1834023730592,AQUAMAX KF,UNKNOWN,GREEN,All watched tests are within expected ranges.
2025-11-11T14:37:28,box_1834023730592,AQUAMAX KF,GREEN,UNKNOWN,Insufficient data for one or more tests.
2025-11-11T14:42:28,box_1834023730592,AQUAMAX KF,UNKNOWN,RED,At least one watched test is out of spec or missing.
2025-11-11T15:24:53,box_1834023730592,AQUAMAX KF,RED,GREEN,All watched tests are within expected ranges.
2025-11-11T15:25:29,box_1834023730592,AQUAMAX KF,GREEN,UNKNOWN,Insufficient data for one or more tests.
2025-11-11T15:53:29,box_1870507241056,Multitek NS,GREEN,YELLOW,Last in-spec QC is stale.
2025-11-12T11:58:32,box_1840573737440,Auto Grabner,GREEN,YELLOW,Last in-spec QC is stale.
2025-11-12T12:14:55,box_2440659641856,Machine,UNKNOWN,RED,At least one watched test is out of spec or missing.
2025-11-12T18:14:20,box_1870507241056,Multitek NS,YELLOW,RED,At least one watched test is out of spec or missing.
2025-11-13T08:29:26,box_2201765855296,PAC Flash 2,UNKNOWN,GREEN,All watched tests are within expected ranges.
2025-11-13T08:31:26,box_1840573737440,Auto Grabner,YELLOW,GREEN,All watched tests are within expected ranges.
2025-11-13T13:03:29,box_2301728638432,Viscocity,RED,GREEN,All watched tests are within expected ranges.
2025-11-13T13:21:28,box_1834023730592,AQUAMAX KF,UNKNOWN,GREEN,All watched tests are within expected ranges.
2025-11-13T14:11:08,box_1840573733840,Multitek S,UNKNOWN,RED,At least one watched test is out of spec or missing.
2025-11-13T14:53:11,box_1840573733840,Multitek S,RED,GREEN,All watched tests are within expected ranges.
2025-11-13T15:04:29,box_1870507241920,Eraspec,RED,UNKNOWN,Insufficient data for one or more tests.
2025-11-13T15:06:29,box_1870507241920,Eraspec,UNKNOWN,RED,At least one watched test is out of spec or missing.
2025-11-13T15:10:29,box_1870507241920,Eraspec,RED,UNKNOWN,Insufficient data for one or more tests.
2025-11-14T14:42:20,box_1840573733840,Multitek S,GREEN,YELLOW,Last in-spec QC is stale.
2025-11-14T15:31:20,box_1870504657248,Agilent GC,RED,GREEN,All watched tests are within expected ranges.
2025-11-14T17:04:21,box_2301728638432,Viscocity,GREEN,YELLOW,Last in-spec QC is stale.
2025-11-14T17:08:20,box_1840573733840,Multitek S,YELLOW,GREEN,All watched tests are within expected ranges.
2025-11-15T08:18:29,box_2096856031904,PAC Flash 1,GREEN,YELLOW,Last in-spec QC is stale.
2025-11-15T08:19:29,box_2201765855296,PAC Flash 2,GREEN,YELLOW,Last in-spec QC is stale.
2025-11-15T15:18:32,box_1840573738448,Mini Grabner,GREEN,YELLOW,Last in-spec QC is stale.
2025-11-15T17:08:33,box_1840573733840,Multitek S,GREEN,YELLOW,Last in-spec QC is stale.
2025-11-16T14:59:44,box_1870504657248,Agilent GC,GREEN,YELLOW,Last in-spec QC is stale (cached).
2025-11-17T08:50:49,box_2201765855296,PAC Flash 2,YELLOW,GREEN,All watched tests are within expected ranges.
2025-11-17T08:50:49,box_2096856031904,PAC Flash 1,YELLOW,GREEN,All watched tests are within expected ranges.
2025-11-17T10:17:49,box_1840573737440,Auto Grabner,YELLOW,GREEN,All watched tests are within expected ranges.
2025-11-17T11:39:50,box_1834023730592,AQUAMAX KF,UNKNOWN,GREEN,All watched tests are within expected ranges.
2025-11-17T13:18:51,box_1834023730592,AQUAMAX KF,GREEN,UNKNOWN,Insufficient data for one or more tests.
2025-11-17T15:53:51,box_1870507241920,Eraspec,UNKNOWN,RED,At least one watched test is out of spec or missing.
2025-11-17T16:03:51,box_1834023730592,AQUAMAX KF,UNKNOWN,GREEN,All watched tests are within expected ranges.
2025-11-17T17:20:51,box_1840573733840,Multitek S,YELLOW,GREEN,All watched tests are within expected ranges.
2025-11-17T17:32:51,box_1870507241920,Eraspec,RED,UNKNOWN,Insufficient data for one or more tests.
2025-11-17T17:34:51,box_1870507241920,Eraspec,UNKNOWN,RED,At least one watched test is out of spec or missing.
2025-11-17T17:54:51,box_1870507241920,Eraspec,RED,UNKNOWN,Insufficient data for one or more tests.
2025-11-17T17:56:51,box_1870507241920,Eraspec,UNKNOWN,RED,At least one watched test is out of spec or missing.
2025-11-19T16:03:54,box_1870504657248,Agilent GC,YELLOW,RED,At least one watched test is out of spec or missing.
2025-11-19T17:19:54,box_1840573733840,Multitek S,YELLOW,RED,At least one watched test is out of spec or missing.
2025-11-20T12:28:03,box_1840573738448,Mini Grabner,GREEN,YELLOW,Last in-spec QC is stale (cached).
2025-11-21T14:40:32,box_1870504657248,Agilent GC,RED,UNKNOWN,Insufficient data for one or more tests.
2025-11-21T14:40:32,box_1870507241056,Multitek NS,RED,UNKNOWN,Insufficient data for one or more tests.
2025-11-21T14:40:32,box_2201765855296,PAC Flash 2,YELLOW,RED,At least one watched test is out of spec or missing.
2025-11-21T14:40:32,box_1840573737440,Auto Grabner,YELLOW,UNKNOWN,Insufficient data for one or more tests.
2025-11-21T14:40:33,box_1840573738448,Mini Grabner,YELLOW,RED,At least one watched test is out of spec or missing.
2025-11-21T14:40:33,box_2096856031904,PAC Flash 1,YELLOW,RED,At least one watched test is out of spec or missing.
2025-11-21T14:40:33,box_2301728638432,Viscocity,YELLOW,UNKNOWN,Insufficient data for one or more tests.
2025-11-24T09:20:05,box_1870504657248,Agilent GC,RED,UNKNOWN,Insufficient data for one or more tests.
2025-11-24T09:20:05,box_1870507241056,Multitek NS,RED,UNKNOWN,Insufficient data for one or more tests.
2025-11-24T09:20:05,box_2201765855296,PAC Flash 2,YELLOW,GREEN,All watched tests are within expected ranges.
2025-11-24T09:20:05,box_1840573737440,Auto Grabner,YELLOW,UNKNOWN,Insufficient data for one or more tests.
2025-11-24T09:20:06,box_1840573738448,Mini Grabner,YELLOW,UNKNOWN,Insufficient data for one or more tests.
2025-11-24T09:20:06,box_1840573733840,Multitek S,RED,YELLOW,Last in-spec QC is stale.
2025-11-24T09:20:06,box_2096856031904,PAC Flash 1,YELLOW,GREEN,All watched tests are within expected ranges.
2025-11-24T09:20:06,box_2301728638432,Viscocity,YELLOW,UNKNOWN,Insufficient data for one or more tests.
2025-11-24T09:20:06,box_1834023730592,AQUAMAX KF,RED,GREEN,All watched tests are within expected ranges.
2025-11-24T17:55:45,box_1870504657248,Agilent GC,UNKNOWN,RED,At least one watched test is out of spec or missing.
2025-11-25T05:12:49,box_1870507241920,Eraspec,RED,UNKNOWN,Insufficient data for one or more tests.
2025-11-25T08:28:50,box_2096856031904,PAC Flash 1,GREEN,YELLOW,Last in-spec QC is stale.
2025-11-25T08:29:50,box_2201765855296,PAC Flash 2,GREEN,YELLOW,Last in-spec QC is stale.
2025-11-25T08:29:51,box_2096856031904,PAC Flash 1,YELLOW,GREEN,All watched tests are within expected ranges.
2025-11-25T08:30:50,box_2201765855296,PAC Flash 2,YELLOW,GREEN,All watched tests are within expected ranges.
2025-11-25T08:52:51,box_1840573738448,Mini Grabner,UNKNOWN,GREEN,All watched tests are within expected ranges.
2025-11-25T10:35:51,box_1840573737440,Auto Grabner,UNKNOWN,GREEN,All watched tests are within expected ranges.
2025-11-25T10:37:51,box_1870507241056,Multitek NS,UNKNOWN,RED,At least one watched test is out of spec or missing.
2025-11-25T11:43:53,box_1870507241056,Multitek NS,RED,GREEN,All watched tests are within expected ranges.
2025-11-25T11:58:53,box_1870507241056,Multitek NS,GREEN,RED,At least one watched test is out of spec or missing.
2025-11-25T12:45:53,box_1870507241056,Multitek NS,RED,GREEN,All watched tests are within expected ranges.
2025-11-25T13:32:54,box_1870507241056,Multitek NS,GREEN,RED,At least one watched test is out of spec or missing.
2025-11-25T16:06:55,box_1870507241056,Multitek NS,RED,GREEN,All watched tests are within expected ranges.
2025-11-25T16:35:06,box_1870504657248,Agilent GC,UNKNOWN,RED,At least one watched test is out of spec or missing.
2025-11-25T16:35:07,box_1870507241056,Multitek NS,UNKNOWN,RED,At least one watched test is out of spec or missing.
2025-11-25T16:35:07,box_1840573738448,Mini Grabner,UNKNOWN,YELLOW,Last in-spec QC is stale (cached).
2025-11-25T16:35:07,box_1840573733840,Multitek S,UNKNOWN,RED,At least one watched test is out of spec or missing.
2025-11-25T16:35:07,box_1834023730592,AQUAMAX KF,UNKNOWN,RED,At least one watched test is out of spec or missing.
2025-11-25T17:03:01,box_1870504657248,Agilent GC,UNKNOWN,RED,At least one watched test is out of spec or missing.
2025-11-25T17:03:01,box_1870507241056,Multitek NS,UNKNOWN,RED,At least one watched test is out of spec or missing.
2025-11-25T17:03:01,box_1840573738448,Mini Grabner,UNKNOWN,YELLOW,Last in-spec QC is stale (cached).
2025-11-25T17:03:01,box_1840573733840,Multitek S,UNKNOWN,RED,At least one watched test is out of spec or missing.
2025-11-25T17:03:01,box_1834023730592,AQUAMAX KF,UNKNOWN,RED,At least one watched test is out of spec or missing.
2025-11-25T17:03:30,box_1870504657248,Agilent GC,UNKNOWN,RED,At least one watched test is out of spec or missing.
2025-11-25T17:03:30,box_1870507241056,Multitek NS,UNKNOWN,RED,At least one watched test is out of spec or missing.
2025-11-25T17:03:30,box_1840573738448,Mini Grabner,UNKNOWN,YELLOW,Last in-spec QC is stale (cached).
2025-11-25T17:03:30,box_1840573733840,Multitek S,UNKNOWN,RED,At least one watched test is out of spec or missing.
2025-11-25T17:03:30,box_1834023730592,AQUAMAX KF,UNKNOWN,RED,At least one watched test is out of spec or missing.
2025-11-25T17:04:39,box_1870504657248,Agilent GC,UNKNOWN,RED,At least one watched test is out of spec or missing.
2025-11-25T17:04:40,box_1870507241056,Multitek NS,UNKNOWN,RED,At least one watched test is out of spec or missing.
2025-11-25T17:04:40,box_1840573738448,Mini Grabner,UNKNOWN,YELLOW,Last in-spec QC is stale (cached).
2025-11-25T17:04:40,box_1840573733840,Multitek S,UNKNOWN,RED,At least one watched test is out of spec or missing.
2025-11-25T17:04:40,box_1834023730592,AQUAMAX KF,UNKNOWN,RED,At least one watched test is out of spec or missing.
2025-11-25T17:16:24,box_1870504657248,Agilent GC,UNKNOWN,RED,At least one watched test is out of spec or missing.
2025-11-25T17:16:24,box_1870507241056,Multitek NS,UNKNOWN,RED,At least one watched test is out of spec or missing.
2025-11-25T17:16:24,box_1840573738448,Mini Grabner,UNKNOWN,YELLOW,Last in-spec QC is stale (cached).
2025-11-25T17:16:24,box_1840573733840,Multitek S,UNKNOWN,RED,At least one watched test is out of spec or missing.
2025-11-25T17:16:24,box_1834023730592,AQUAMAX KF,UNKNOWN,RED,At least one watched test is out of spec or missing.
2025-11-25T17:26:52,box_1870504657248,Agilent GC,UNKNOWN,RED,At least one watched test is out of spec or missing.
2025-11-25T17:26:52,box_1870507241056,Multitek NS,UNKNOWN,RED,At least one watched test is out of spec or missing.
2025-11-25T17:26:52,box_1840573738448,Mini Grabner,UNKNOWN,YELLOW,Last in-spec QC is stale (cached).
2025-11-25T17:26:52,box_1840573733840,Multitek S,UNKNOWN,RED,At least one watched test is out of spec or missing.
2025-11-25T17:26:52,box_1834023730592,AQUAMAX KF,UNKNOWN,RED,At least one watched test is out of spec or missing.
2025-11-25T17:31:00,box_1870504657248,Agilent GC,UNKNOWN,RED,At least one watched test is out of spec or missing.
2025-11-25T17:31:00,box_1870507241056,Multitek NS,UNKNOWN,RED,At least one watched test is out of spec or missing.
2025-11-25T17:31:00,box_1840573738448,Mini Grabner,UNKNOWN,YELLOW,Last in-spec QC is stale (cached).
2025-11-25T17:31:00,box_1840573733840,Multitek S,UNKNOWN,RED,At least one watched test is out of spec or missing.
2025-11-25T17:31:01,box_1834023730592,AQUAMAX KF,UNKNOWN,RED,At least one watched test is out of spec or missing.
2025-11-26T08:30:01,box_2096856031904,PAC Flash 1,GREEN,YELLOW,Last in-spec QC is stale.
2025-11-26T08:31:01,box_2201765855296,PAC Flash 2,GREEN,YELLOW,Last in-spec QC is stale.
2025-11-26T08:36:01,box_1840573737440,Auto Grabner,GREEN,YELLOW,Last in-spec QC is stale.
2025-11-26T09:49:02,box_1840573738448,Mini Grabner,GREEN,UNKNOWN,Insufficient data for one or more tests.
2025-11-26T09:56:02,box_1840573738448,Mini Grabner,UNKNOWN,GREEN,All watched tests are within expected ranges.
2025-11-26T09:57:02,box_1840573737440,Auto Grabner,YELLOW,GREEN,All watched tests are within expected ranges.
2025-11-26T15:40:01,box_1870504657248,Agilent GC,UNKNOWN,RED,At least one watched test is out of spec or missing.
2025-11-26T15:40:01,box_1870507241056,Multitek NS,UNKNOWN,RED,At least one watched test is out of spec or missing.
2025-11-26T15:40:01,box_1840573738448,Mini Grabner,UNKNOWN,YELLOW,Last in-spec QC is stale (cached).
2025-11-26T15:40:01,box_1840573733840,Multitek S,UNKNOWN,RED,At least one watched test is out of spec or missing.
2025-11-26T15:40:01,box_1834023730592,AQUAMAX KF,UNKNOWN,RED,At least one watched test is out of spec or missing.
2025-11-27T09:22:17,box_1840573738448,Mini Grabner,YELLOW,UNKNOWN,Insufficient data for one or more tests.
2025-11-27T09:22:17,box_1834023730592,AQUAMAX KF,RED,UNKNOWN,Insufficient data for one or more tests.
2025-12-01T09:10:47,box_1870504657248,Agilent GC,RED,UNKNOWN,Insufficient data for one or more tests.
2025-12-01T09:10:47,box_1870507241056,Multitek NS,RED,UNKNOWN,Insufficient data for one or more tests.
2025-12-01T09:10:47,box_1840573733840,Multitek S,RED,UNKNOWN,Insufficient data for one or more tests.
2025-12-01T10:46:47,box_1870504657248,Agilent GC,UNKNOWN,RED,At least one watched test is out of spec or missing.
2025-12-01T10:46:48,box_1870507241056,Multitek NS,UNKNOWN,RED,At least one watched test is out of spec or missing.
2025-12-01T10:46:48,box_1840573737440,Auto Grabner,UNKNOWN,RED,At least one watched test is out of spec or missing.
2025-12-01T10:46:48,box_2096856031904,PAC Flash 1,UNKNOWN,RED,At least one watched test is out of spec or missing.
2025-12-01T10:51:54,box_1870504657248,Agilent GC,UNKNOWN,RED,At least one watched test is out of spec or missing.
2025-12-01T10:51:55,box_1870507241056,Multitek NS,UNKNOWN,RED,At least one watched test is out of spec or missing.
2025-12-01T10:51:55,box_1840573737440,Auto Grabner,UNKNOWN,RED,At least one watched test is out of spec or missing.
2025-12-01T10:51:55,box_2096856031904,PAC Flash 1,UNKNOWN,RED,At least one watched test is out of spec or missing.
2025-12-01T10:52:39,box_2096856031904,PAC Flash 1,RED,UNKNOWN,No sample/test pairs selected.
2025-12-01T10:54:45,box_1870504657248,Agilent GC,UNKNOWN,RED,At least one watched test is out of spec or missing.
2025-12-01T10:54:45,box_1870507241056,Multitek NS,UNKNOWN,RED,At least one watched test is out of spec or missing.
2025-12-01T10:54:45,box_1840573737440,Auto Grabner,UNKNOWN,RED,At least one watched test is out of spec or missing.
2025-12-01T10:57:43,box_1870504657248,Agilent GC,UNKNOWN,RED,At least one watched test is out of spec or missing.
2025-12-01T10:57:43,box_1870507241056,Multitek NS,UNKNOWN,RED,At least one watched test is out of spec or missing.
2025-12-01T10:57:43,box_1840573737440,Auto Grabner,UNKNOWN,RED,At least one watched test is out of spec or missing.
2025-12-01T10:58:35,box_1870507241920,Eraspec,UNKNOWN,RED,At least one watched test is out of spec or missing.
2025-12-01T10:58:35,box_2201765855296,PAC Flash 2,UNKNOWN,RED,At least one watched test is out of spec or missing.
2025-12-01T10:58:35,box_1840573738448,Mini Grabner,UNKNOWN,RED,At least one watched test is out of spec or missing.
2025-12-01T10:58:35,box_1840573733840,Multitek S,UNKNOWN,RED,At least one watched test is out of spec or missing.
2025-12-01T10:58:35,box_2301728342368,Handheld API,UNKNOWN,RED,At least one watched test is out of spec or missing.
2025-12-01T10:59:01,box_1870507241920,Eraspec,RED,UNKNOWN,Insufficient data for one or more tests.
2025-12-01T10:59:01,box_2201765855296,PAC Flash 2,RED,UNKNOWN,Insufficient data for one or more tests.
2025-12-01T10:59:01,box_1840573738448,Mini Grabner,RED,UNKNOWN,Insufficient data for one or more tests.
2025-12-01T10:59:01,box_1840573733840,Multitek S,RED,UNKNOWN,Insufficient data for one or more tests.
2025-12-01T10:59:01,box_2301728342368,Handheld API,RED,UNKNOWN,Insufficient data for one or more tests.
2025-12-01T10:59:28,box_1870507241056,Multitek NS,RED,YELLOW,Last in-spec QC is stale.
2025-12-01T11:04:48,box_1870504657248,Agilent GC,UNKNOWN,RED,At least one watched test is out of spec or missing.
2025-12-01T11:04:48,box_1870507241056,Multitek NS,UNKNOWN,YELLOW,Last in-spec QC is stale.
2025-12-01T11:04:48,box_1840573737440,Auto Grabner,UNKNOWN,YELLOW,Last in-spec QC is stale.
2025-12-01T11:05:25,box_2096856031904,PAC Flash 1,UNKNOWN,GREEN,All watched tests are within expected ranges.
2025-12-01T11:05:44,box_1834023730592,AQUAMAX KF,UNKNOWN,GREEN,All watched tests are within expected ranges.
2025-12-01T11:11:26,box_1870504657248,Agilent GC,UNKNOWN,RED,At least one watched test is out of spec or missing.
2025-12-01T11:11:26,box_1870507241056,Multitek NS,UNKNOWN,YELLOW,Last in-spec QC is stale.
2025-12-01T11:11:26,box_1840573737440,Auto Grabner,UNKNOWN,YELLOW,Last in-spec QC is stale.
2025-12-01T11:11:26,box_2096856031904,PAC Flash 1,UNKNOWN,GREEN,All watched tests are within expected ranges.
2025-12-01T11:11:26,box_1834023730592,AQUAMAX KF,UNKNOWN,GREEN,All watched tests are within expected ranges.
2025-12-01T16:58:48,box_1840573737440,Auto Grabner,YELLOW,GREEN,All watched tests are within expected ranges.
2025-12-02T08:22:26,box_2096856031904,PAC Flash 1,GREEN,YELLOW,Last in-spec QC is stale.
2025-12-02T08:41:33,box_2096856031904,PAC Flash 1,YELLOW,GREEN,All watched tests are within expected ranges.
2025-12-02T08:42:34,box_2201765855296,PAC Flash 2,UNKNOWN,GREEN,All watched tests are within expected ranges.
2025-12-02T08:49:37,box_1840573738448,Mini Grabner,UNKNOWN,GREEN,All watched tests are within expected ranges.
2025-12-02T16:58:27,box_1840573737440,Auto Grabner,GREEN,YELLOW,Last in-spec QC is stale (cached).
2025-12-03T08:34:40,box_1840573737440,Auto Grabner,YELLOW,GREEN,All watched tests are within expected ranges.
2025-12-03T09:27:01,box_1834023730592,AQUAMAX KF,GREEN,UNKNOWN,Insufficient data for one or more tests.
2025-12-03T09:48:09,box_1834023730592,AQUAMAX KF,UNKNOWN,GREEN,All watched tests are within expected ranges.
2025-12-03T10:06:18,box_1834023730592,AQUAMAX KF,GREEN,UNKNOWN,Insufficient data for one or more tests.
2025-12-03T11:12:59,box_1834023730592,AQUAMAX KF,UNKNOWN,GREEN,All watched tests are within expected ranges.
2025-12-03T11:30:09,box_1834023730592,AQUAMAX KF,GREEN,UNKNOWN,Insufficient data for one or more tests.
2025-12-03T13:40:13,box_1834023730592,AQUAMAX KF,UNKNOWN,GREEN,All watched tests are within expected ranges.
2025-12-03T15:35:08,box_1840573733840,Multitek S,UNKNOWN,GREEN,All watched tests are within expected ranges.
2025-12-03T17:33:00,box_1840573733840,Multitek S,GREEN,YELLOW,Last in-spec QC is stale.
2025-12-04T08:28:20,box_2096856031904,PAC Flash 1,GREEN,YELLOW,Last in-spec QC is stale.
2025-12-04T08:29:20,box_2201765855296,PAC Flash 2,GREEN,YELLOW,Last in-spec QC is stale.
2025-12-04T08:34:23,box_1840573737440,Auto Grabner,GREEN,YELLOW,Last in-spec QC is stale.
2025-12-04T09:59:58,box_1834023730592,AQUAMAX KF,GREEN,UNKNOWN,Insufficient data for one or more tests.
2025-12-04T10:10:03,box_1834023730592,AQUAMAX KF,UNKNOWN,GREEN,All watched tests are within expected ranges.
2025-12-04T12:52:10,box_1840573738448,Mini Grabner,GREEN,YELLOW,Last in-spec QC is stale (cached).
2025-12-05T09:14:16,box_2096856031904,PAC Flash 1,YELLOW,GREEN,All watched tests are within expected ranges.
2025-12-05T09:16:17,box_2201765855296,PAC Flash 2,YELLOW,GREEN,All watched tests are within expected ranges.
2025-12-05T12:54:50,box_1870507241920,Eraspec,UNKNOWN,GREEN,All watched tests are within expected ranges.
2025-12-06T09:14:30,box_2096856031904,PAC Flash 1,GREEN,YELLOW,Last in-spec QC is stale.
2025-12-06T09:15:31,box_2201765855296,PAC Flash 2,GREEN,YELLOW,Last in-spec QC is stale.
2025-12-06T12:54:53,box_1870507241920,Eraspec,GREEN,YELLOW,Last in-spec QC is stale.
2025-12-06T13:16:01,box_1834023730592,AQUAMAX KF,GREEN,YELLOW,Last in-spec QC is stale (cached).
2025-12-08T08:52:54,box_1840573738448,Mini Grabner,YELLOW,UNKNOWN,Insufficient data for one or more tests.
2025-12-08T08:52:54,box_1834023730592,AQUAMAX KF,YELLOW,UNKNOWN,Insufficient data for one or more tests.
2025-12-08T09:05:02,box_2096856031904,PAC Flash 1,YELLOW,GREEN,All watched tests are within expected ranges.
2025-12-08T09:07:03,box_2201765855296,PAC Flash 2,YELLOW,RED,At least one watched test is out of spec or missing.
2025-12-08T09:11:04,box_1840573737440,Auto Grabner,YELLOW,GREEN,All watched tests are within expected ranges.
2025-12-08T09:13:05,box_1834023730592,AQUAMAX KF,UNKNOWN,GREEN,All watched tests are within expected ranges.
2025-12-08T09:14:06,box_1840573738448,Mini Grabner,UNKNOWN,GREEN,All watched tests are within expected ranges.
2025-12-08T09:45:18,box_2201765855296,PAC Flash 2,RED,GREEN,All watched tests are within expected ranges.
2025-12-08T11:37:09,box_1840573733840,Multitek S,YELLOW,RED,At least one watched test is out of spec or missing.
2025-12-08T12:07:22,box_1870507241056,Multitek NS,YELLOW,GREEN,All watched tests are within expected ranges.
2025-12-08T12:17:27,box_1840573733840,Multitek S,RED,GREEN,All watched tests are within expected ranges.
2025-12-09T09:03:25,box_1834023730592,AQUAMAX KF,GREEN,UNKNOWN,Insufficient data for one or more tests.
2025-12-09T09:14:30,box_1834023730592,AQUAMAX KF,UNKNOWN,GREEN,All watched tests are within expected ranges.
2025-12-09T12:07:34,box_1870507241056,Multitek NS,GREEN,YELLOW,Last in-spec QC is stale.
2025-12-10T08:49:44,box_1840573737440,Auto Grabner,GREEN,YELLOW,Last in-spec QC is stale.
2025-12-10T09:22:55,box_1834023730592,AQUAMAX KF,GREEN,UNKNOWN,Insufficient data for one or more tests.
2025-12-10T09:26:56,box_1834023730592,AQUAMAX KF,UNKNOWN,GREEN,All watched tests are within expected ranges.
2025-12-10T09:53:06,box_1840573733840,Multitek S,GREEN,YELLOW,Last in-spec QC is stale.
2025-12-10T10:08:12,box_1870507241056,Multitek NS,YELLOW,GREEN,All watched tests are within expected ranges.
2025-12-10T12:21:45,box_1870504657248,Agilent GC,UNKNOWN,RED,At least one watched test is out of spec or missing.
2025-12-10T12:21:45,box_1870507241056,Multitek NS,UNKNOWN,GREEN,All watched tests are within expected ranges.
2025-12-10T12:21:45,box_1870507241920,Eraspec,UNKNOWN,YELLOW,Last in-spec QC is stale (cached).
2025-12-10T12:21:45,box_2201765855296,PAC Flash 2,UNKNOWN,GREEN,All watched tests are within expected ranges.
2025-12-10T12:21:45,box_1840573737440,Auto Grabner,UNKNOWN,YELLOW,Last in-spec QC is stale.
2025-12-10T12:21:45,box_1840573738448,Mini Grabner,UNKNOWN,GREEN,All watched tests are within expected ranges.
2025-12-10T12:21:45,box_1840573733840,Multitek S,UNKNOWN,YELLOW,Last in-spec QC is stale.
2025-12-10T12:21:45,box_2096856031904,PAC Flash 1,UNKNOWN,GREEN,All watched tests are within expected ranges.
2025-12-10T12:21:45,box_1834023730592,AQUAMAX KF,UNKNOWN,GREEN,All watched tests are within expected ranges.
2025-12-10T12:24:09,box_1870504657248,Agilent GC,UNKNOWN,RED,At least one watched test is out of spec or missing.
2025-12-10T12:24:09,box_1870507241056,Multitek NS,UNKNOWN,GREEN,All watched tests are within expected ranges.
2025-12-10T12:24:09,box_1870507241920,Eraspec,UNKNOWN,YELLOW,Last in-spec QC is stale (cached).
2025-12-10T12:24:09,box_2201765855296,PAC Flash 2,UNKNOWN,GREEN,All watched tests are within expected ranges.
2025-12-10T12:24:09,box_1840573737440,Auto Grabner,UNKNOWN,YELLOW,Last in-spec QC is stale.
2025-12-10T12:24:09,box_1840573738448,Mini Grabner,UNKNOWN,GREEN,All watched tests are within expected ranges.
2025-12-10T12:24:09,box_1840573733840,Multitek S,UNKNOWN,YELLOW,Last in-spec QC is stale.
2025-12-10T12:24:09,box_2096856031904,PAC Flash 1,UNKNOWN,GREEN,All watched tests are within expected ranges.
2025-12-10T12:24:09,box_1834023730592,AQUAMAX KF,UNKNOWN,GREEN,All watched tests are within expected ranges.
2025-12-10T12:25:44,box_1870504657248,Agilent GC,UNKNOWN,RED,At least one watched test is out of spec or missing.
2025-12-10T12:25:44,box_1870507241056,Multitek NS,UNKNOWN,GREEN,All watched tests are within expected ranges.
2025-12-10T12:25:44,box_1870507241920,Eraspec,UNKNOWN,YELLOW,Last in-spec QC is stale (cached).
2025-12-10T12:25:44,box_2201765855296,PAC Flash 2,UNKNOWN,GREEN,All watched tests are within expected ranges.
2025-12-10T12:25:44,box_1840573737440,Auto Grabner,UNKNOWN,YELLOW,Last in-spec QC is stale.
2025-12-10T12:25:44,box_1840573738448,Mini Grabner,UNKNOWN,GREEN,All watched tests are within expected ranges.
2025-12-10T12:25:44,box_1840573733840,Multitek S,UNKNOWN,YELLOW,Last in-spec QC is stale.
2025-12-10T12:25:44,box_2096856031904,PAC Flash 1,UNKNOWN,GREEN,All watched tests are within expected ranges.
2025-12-10T12:25:44,box_1834023730592,AQUAMAX KF,UNKNOWN,GREEN,All watched tests are within expected ranges.
2025-12-10T12:58:29,box_1870504657248,Agilent GC,UNKNOWN,RED,At least one watched test is out of spec or missing.
2025-12-10T12:58:29,box_1870507241056,Multitek NS,UNKNOWN,GREEN,All watched tests are within expected ranges.
2025-12-10T12:58:29,box_1870507241920,Eraspec,UNKNOWN,YELLOW,Last in-spec QC is stale (cached).
2025-12-10T12:58:29,box_2201765855296,PAC Flash 2,UNKNOWN,GREEN,All watched tests are within expected ranges.
2025-12-10T12:58:29,box_1840573737440,Auto Grabner,UNKNOWN,YELLOW,Last in-spec QC is stale.
2025-12-10T12:58:29,box_1840573738448,Mini Grabner,UNKNOWN,GREEN,All watched tests are within expected ranges.
2025-12-10T12:58:29,box_1840573733840,Multitek S,UNKNOWN,YELLOW,Last in-spec QC is stale.
2025-12-10T12:58:29,box_2096856031904,PAC Flash 1,UNKNOWN,GREEN,All watched tests are within expected ranges.
2025-12-10T12:58:29,box_1834023730592,AQUAMAX KF,UNKNOWN,GREEN,All watched tests are within expected ranges.
2025-12-10T13:49:32,box_1870504657248,Agilent GC,UNKNOWN,RED,At least one watched test is out of spec or missing.
2025-12-10T13:49:32,box_1870507241056,Multitek NS,UNKNOWN,GREEN,All watched tests are within expected ranges.
2025-12-10T13:49:32,box_1870507241920,Eraspec,UNKNOWN,YELLOW,Last in-spec QC is stale (cached).
2025-12-10T13:49:32,box_2201765855296,PAC Flash 2,UNKNOWN,GREEN,All watched tests are within expected ranges.
2025-12-10T13:49:32,box_1840573737440,Auto Grabner,UNKNOWN,YELLOW,Last in-spec QC is stale.
2025-12-10T13:49:32,box_1840573738448,Mini Grabner,UNKNOWN,GREEN,All watched tests are within expected ranges.
2025-12-10T13:49:32,box_1840573733840,Multitek S,UNKNOWN,YELLOW,Last in-spec QC is stale.
2025-12-10T13:49:33,box_2096856031904,PAC Flash 1,UNKNOWN,GREEN,All watched tests are within expected ranges.
2025-12-10T13:49:33,box_1834023730592,AQUAMAX KF,UNKNOWN,GREEN,All watched tests are within expected ranges.
2025-12-10T13:51:58,box_1870504657248,Agilent GC,UNKNOWN,RED,At least one watched test is out of spec or missing.
2025-12-10T13:51:58,box_1870507241056,Multitek NS,UNKNOWN,GREEN,All watched tests are within expected ranges.
2025-12-10T13:51:58,box_1870507241920,Eraspec,UNKNOWN,YELLOW,Last in-spec QC is stale (cached).
2025-12-10T13:51:58,box_2201765855296,PAC Flash 2,UNKNOWN,GREEN,All watched tests are within expected ranges.
2025-12-10T13:51:58,box_1840573737440,Auto Grabner,UNKNOWN,YELLOW,Last in-spec QC is stale.
2025-12-10T13:51:58,box_1840573738448,Mini Grabner,UNKNOWN,GREEN,All watched tests are within expected ranges.
2025-12-10T13:51:58,box_1840573733840,Multitek S,UNKNOWN,YELLOW,Last in-spec QC is stale.
2025-12-10T13:51:58,box_2096856031904,PAC Flash 1,UNKNOWN,GREEN,All watched tests are within expected ranges.
2025-12-10T13:51:58,box_1834023730592,AQUAMAX KF,UNKNOWN,GREEN,All watched tests are within expected ranges.
2025-12-10T13:53:02,box_1870504657248,Agilent GC,UNKNOWN,RED,At least one watched test is out of spec or missing.
2025-12-10T13:53:02,box_1870507241056,Multitek NS,UNKNOWN,GREEN,All watched tests are within expected ranges.
2025-12-10T13:53:02,box_1870507241920,Eraspec,UNKNOWN,YELLOW,Last in-spec QC is stale (cached).
2025-12-10T13:53:02,box_2201765855296,PAC Flash 2,UNKNOWN,GREEN,All watched tests are within expected ranges.
2025-12-10T13:53:03,box_1840573737440,Auto Grabner,UNKNOWN,YELLOW,Last in-spec QC is stale.
2025-12-10T13:53:03,box_1840573738448,Mini Grabner,UNKNOWN,GREEN,All watched tests are within expected ranges.
2025-12-10T13:53:03,box_1840573733840,Multitek S,UNKNOWN,YELLOW,Last in-spec QC is stale.
2025-12-10T13:53:03,box_2096856031904,PAC Flash 1,UNKNOWN,GREEN,All watched tests are within expected ranges.
2025-12-10T13:53:03,box_1834023730592,AQUAMAX KF,UNKNOWN,GREEN,All watched tests are within expected ranges.
2025-12-10T14:14:38,box_1870504657248,Agilent GC,UNKNOWN,RED,At least one watched test is out of spec or missing.
2025-12-10T14:14:38,box_1870507241056,Multitek NS,UNKNOWN,GREEN,All watched tests are within expected ranges.
2025-12-10T14:14:38,box_1870507241920,Eraspec,UNKNOWN,YELLOW,Last in-spec QC is stale (cached).
2025-12-10T14:14:38,box_2201765855296,PAC Flash 2,UNKNOWN,GREEN,All watched tests are within expected ranges.
2025-12-10T14:14:38,box_1840573737440,Auto Grabner,UNKNOWN,YELLOW,Last in-spec QC is stale.
2025-12-10T14:14:38,box_1840573738448,Mini Grabner,UNKNOWN,GREEN,All watched tests are within expected ranges.
2025-12-10T14:14:38,box_1840573733840,Multitek S,UNKNOWN,YELLOW,Last in-spec QC is stale.
2025-12-10T14:14:38,box_2096856031904,PAC Flash 1,UNKNOWN,GREEN,All watched tests are within expected ranges.
2025-12-10T14:14:38,box_1834023730592,AQUAMAX KF,UNKNOWN,GREEN,All watched tests are within expected ranges.
2025-12-11T10:03:48,box_1840573737440,Auto Grabner,YELLOW,GREEN,All watched tests are within expected ranges.
2025-12-11T10:03:48,box_1840573737440,Auto Grabner,YELLOW,GREEN,All watched tests are within expected ranges.
2025-12-11T10:03:48,box_1834023730592,AQUAMAX KF,GREEN,UNKNOWN,Insufficient data for one or more tests.
2025-12-11T10:03:48,box_1834023730592,AQUAMAX KF,GREEN,UNKNOWN,Insufficient data for one or more tests.
2025-12-11T10:04:49,box_1834023730592,AQUAMAX KF,UNKNOWN,GREEN,All watched tests are within expected ranges.
2025-12-11T10:04:49,box_1834023730592,AQUAMAX KF,UNKNOWN,GREEN,All watched tests are within expected ranges.
2025-12-11T12:03:27,box_1870504657248,Agilent GC,UNKNOWN,RED,At least one watched test is out of spec or missing.
2025-12-11T12:03:27,box_1870507241056,Multitek NS,UNKNOWN,GREEN,All watched tests are within expected ranges.
2025-12-11T12:03:28,box_1870507241920,Eraspec,UNKNOWN,YELLOW,Last in-spec QC is stale (cached).
2025-12-11T12:03:28,box_2201765855296,PAC Flash 2,UNKNOWN,YELLOW,Last in-spec QC is stale.
2025-12-11T12:03:28,box_1840573737440,Auto Grabner,UNKNOWN,GREEN,All watched tests are within expected ranges.
2025-12-11T12:03:28,box_1840573738448,Mini Grabner,UNKNOWN,GREEN,All watched tests are within expected ranges.
2025-12-11T12:03:28,box_1840573733840,Multitek S,UNKNOWN,YELLOW,Last in-spec QC is stale (cached).
2025-12-11T12:03:28,box_2096856031904,PAC Flash 1,UNKNOWN,YELLOW,Last in-spec QC is stale.
2025-12-11T12:03:28,box_1834023730592,AQUAMAX KF,UNKNOWN,GREEN,All watched tests are within expected ranges.
2025-12-11T14:32:37,box_1870504657248,Agilent GC,UNKNOWN,RED,At least one watched test is out of spec or missing.
2025-12-11T14:32:37,box_1870507241056,Multitek NS,UNKNOWN,GREEN,All watched tests are within expected ranges.
2025-12-11T14:32:37,box_1870507241920,Eraspec,UNKNOWN,YELLOW,Last in-spec QC is stale (cached).
2025-12-11T14:32:38,box_2201765855296,PAC Flash 2,UNKNOWN,YELLOW,Last in-spec QC is stale (cached).
2025-12-11T14:32:38,box_1840573737440,Auto Grabner,UNKNOWN,GREEN,All watched tests are within expected ranges.
2025-12-11T14:32:38,box_1840573738448,Mini Grabner,UNKNOWN,GREEN,All watched tests are within expected ranges.
2025-12-11T14:32:38,box_1840573733840,Multitek S,UNKNOWN,YELLOW,Last in-spec QC is stale (cached).
2025-12-11T14:32:38,box_2096856031904,PAC Flash 1,UNKNOWN,YELLOW,Last in-spec QC is stale (cached).
2025-12-11T14:32:38,box_1834023730592,AQUAMAX KF,UNKNOWN,GREEN,All watched tests are within expected ranges.
2025-12-11T14:33:35,box_1840573733840,Multitek S,YELLOW,GREEN,All watched tests are within expected ranges.
2025-12-11T14:33:36,box_1840573733840,Multitek S,YELLOW,GREEN,All watched tests are within expected ranges.
2025-12-11T14:33:38,box_1840573733840,Multitek S,YELLOW,GREEN,All watched tests are within expected ranges.
2025-12-11T15:44:06,box_1870504657248,Agilent GC,RED,GREEN,All watched tests are within expected ranges.
2025-12-11T15:44:06,box_1870504657248,Agilent GC,RED,GREEN,All watched tests are within expected ranges.
2025-12-11T15:44:06,box_1870504657248,Agilent GC,RED,GREEN,All watched tests are within expected ranges.
2025-12-12T08:25:44,box_2096856031904,PAC Flash 1,YELLOW,GREEN,All watched tests are within expected ranges.
2025-12-12T08:27:45,box_2201765855296,PAC Flash 2,YELLOW,GREEN,All watched tests are within expected ranges.
2025-12-12T08:37:48,box_1840573738448,Mini Grabner,GREEN,UNKNOWN,Insufficient data for one or more tests.
2025-12-12T08:38:49,box_1840573738448,Mini Grabner,UNKNOWN,GREEN,All watched tests are within expected ranges.
2025-12-12T08:38:49,box_1834023730592,AQUAMAX KF,GREEN,UNKNOWN,Insufficient data for one or more tests.
2025-12-12T09:21:03,box_1834023730592,AQUAMAX KF,UNKNOWN,GREEN,All watched tests are within expected ranges.
2025-12-12T10:06:55,box_2201765855296,PAC Flash 2,YELLOW,GREEN,All watched tests are within expected ranges.
2025-12-12T10:06:55,box_2201765855296,PAC Flash 2,YELLOW,GREEN,All watched tests are within expected ranges.
2025-12-12T10:06:55,box_2096856031904,PAC Flash 1,YELLOW,GREEN,All watched tests are within expected ranges.
2025-12-12T10:06:55,box_2096856031904,PAC Flash 1,YELLOW,GREEN,All watched tests are within expected ranges.
2025-12-12T12:08:51,box_1840573733840,Multitek S,GREEN,YELLOW,Last in-spec QC is stale.
2025-12-12T12:08:51,box_1840573733840,Multitek S,GREEN,YELLOW,Last in-spec QC is stale.
2025-12-12T12:09:04,box_1840573733840,Multitek S,GREEN,YELLOW,Last in-spec QC is stale.
2025-12-12T12:15:06,box_1870507241056,Multitek NS,GREEN,YELLOW,Last in-spec QC is stale.
2025-12-12T12:15:54,box_1870507241056,Multitek NS,GREEN,YELLOW,Last in-spec QC is stale.
2025-12-12T12:15:54,box_1870507241056,Multitek NS,GREEN,YELLOW,Last in-spec QC is stale.
2025-12-12T13:51:35,box_1834023730592,AQUAMAX KF,GREEN,UNKNOWN,Insufficient data for one or more tests.
2025-12-12T13:51:35,box_1834023730592,AQUAMAX KF,GREEN,UNKNOWN,Insufficient data for one or more tests.
2025-12-12T13:51:41,box_1834023730592,AQUAMAX KF,GREEN,UNKNOWN,Insufficient data for one or more tests.
2025-12-12T15:26:15,box_1834023730592,AQUAMAX KF,UNKNOWN,GREEN,All watched tests are within expected ranges.
2025-12-12T15:44:21,box_1870504657248,Agilent GC,GREEN,YELLOW,Last in-spec QC is stale.
2025-12-13T08:26:04,box_2096856031904,PAC Flash 1,GREEN,YELLOW,Last in-spec QC is stale.
2025-12-13T08:28:05,box_2201765855296,PAC Flash 2,GREEN,YELLOW,Last in-spec QC is stale.
2025-12-13T08:32:06,box_1840573737440,Auto Grabner,GREEN,YELLOW,Last in-spec QC is stale.
2025-12-13T15:06:21,box_1840573738448,Mini Grabner,GREEN,YELLOW,Last in-spec QC is stale.
2025-12-13T17:26:08,box_1834023730592,AQUAMAX KF,GREEN,YELLOW,Last in-spec QC is stale.
2025-12-15T08:58:31,box_1870504657248,Agilent GC,GREEN,YELLOW,Last in-spec QC is stale.
2025-12-15T08:58:31,box_1870504657248,Agilent GC,GREEN,YELLOW,Last in-spec QC is stale.
2025-12-15T08:58:31,box_2201765855296,PAC Flash 2,GREEN,YELLOW,Last in-spec QC is stale.
2025-12-15T08:58:31,box_2201765855296,PAC Flash 2,GREEN,YELLOW,Last in-spec QC is stale.
2025-12-15T08:58:31,box_1840573737440,Auto Grabner,GREEN,YELLOW,Last in-spec QC is stale.
2025-12-15T08:58:31,box_1840573737440,Auto Grabner,GREEN,YELLOW,Last in-spec QC is stale.
2025-12-15T08:58:31,box_1840573738448,Mini Grabner,GREEN,YELLOW,Last in-spec QC is stale.
2025-12-15T08:58:31,box_1840573738448,Mini Grabner,GREEN,YELLOW,Last in-spec QC is stale.
2025-12-15T08:58:31,box_2096856031904,PAC Flash 1,GREEN,YELLOW,Last in-spec QC is stale.
2025-12-15T08:58:31,box_2096856031904,PAC Flash 1,GREEN,YELLOW,Last in-spec QC is stale.
2025-12-15T08:58:31,box_1834023730592,AQUAMAX KF,UNKNOWN,YELLOW,Last in-spec QC is stale.
2025-12-15T08:58:31,box_1834023730592,AQUAMAX KF,UNKNOWN,YELLOW,Last in-spec QC is stale.
2025-12-15T09:28:42,box_1840573738448,Mini Grabner,YELLOW,UNKNOWN,Insufficient data for one or more tests.
2025-12-15T09:28:42,box_1840573738448,Mini Grabner,YELLOW,UNKNOWN,Insufficient data for one or more tests.
2025-12-15T09:28:44,box_1840573738448,Mini Grabner,YELLOW,UNKNOWN,Insufficient data for one or more tests.
2025-12-15T09:29:42,box_1834023730592,AQUAMAX KF,YELLOW,UNKNOWN,Insufficient data for one or more tests.
2025-12-15T09:29:42,box_1834023730592,AQUAMAX KF,YELLOW,UNKNOWN,Insufficient data for one or more tests.
2025-12-15T09:29:45,box_1834023730592,AQUAMAX KF,YELLOW,UNKNOWN,Insufficient data for one or more tests.
2025-12-15T09:35:45,box_2096856031904,PAC Flash 1,YELLOW,GREEN,All watched tests are within expected ranges.
2025-12-15T09:35:45,box_2096856031904,PAC Flash 1,YELLOW,GREEN,All watched tests are within expected ranges.
2025-12-15T09:35:47,box_2096856031904,PAC Flash 1,YELLOW,GREEN,All watched tests are within expected ranges.
2025-12-15T09:38:46,box_2201765855296,PAC Flash 2,YELLOW,RED,At least one watched test is out of spec or missing.
2025-12-15T09:38:48,box_2201765855296,PAC Flash 2,YELLOW,RED,At least one watched test is out of spec or missing.
2025-12-15T09:41:48,box_1840573738448,Mini Grabner,UNKNOWN,GREEN,All watched tests are within expected ranges.
2025-12-15T09:41:48,box_1840573738448,Mini Grabner,UNKNOWN,GREEN,All watched tests are within expected ranges.
2025-12-15T09:41:50,box_1840573738448,Mini Grabner,UNKNOWN,GREEN,All watched tests are within expected ranges.
2025-12-15T09:48:51,box_1840573737440,Auto Grabner,YELLOW,GREEN,All watched tests are within expected ranges.
2025-12-15T09:48:51,box_1840573737440,Auto Grabner,YELLOW,GREEN,All watched tests are within expected ranges.
2025-12-15T09:48:52,box_1840573737440,Auto Grabner,YELLOW,GREEN,All watched tests are within expected ranges.
2025-12-15T10:16:04,box_1840573733840,Multitek S,YELLOW,RED,At least one watched test is out of spec or missing.
2025-12-15T10:16:04,box_1840573733840,Multitek S,YELLOW,RED,At least one watched test is out of spec or missing.
2025-12-15T10:16:02,box_1840573733840,Multitek S,YELLOW,RED,At least one watched test is out of spec or missing.
2025-12-15T10:23:08,box_1870507241056,Multitek NS,YELLOW,GREEN,All watched tests are within expected ranges.
2025-12-15T10:23:08,box_1870507241056,Multitek NS,YELLOW,GREEN,All watched tests are within expected ranges.
2025-12-15T10:23:08,box_1834023730592,AQUAMAX KF,UNKNOWN,GREEN,All watched tests are within expected ranges.
2025-12-15T10:23:08,box_1834023730592,AQUAMAX KF,UNKNOWN,GREEN,All watched tests are within expected ranges.
2025-12-15T10:23:05,box_1870507241056,Multitek NS,YELLOW,GREEN,All watched tests are within expected ranges.
2025-12-15T10:23:05,box_1834023730592,AQUAMAX KF,UNKNOWN,GREEN,All watched tests are within expected ranges.
2025-12-15T11:13:32,box_1870507241920,Eraspec,YELLOW,UNKNOWN,Insufficient data for one or more tests.
2025-12-15T11:13:32,box_1870507241920,Eraspec,YELLOW,UNKNOWN,Insufficient data for one or more tests.
2025-12-15T11:13:23,box_1870507241920,Eraspec,YELLOW,UNKNOWN,Insufficient data for one or more tests.
2025-12-15T13:02:03,box_1870504657248,Agilent GC,YELLOW,GREEN,All watched tests are within expected ranges.
2025-12-15T13:02:26,box_1870504657248,Agilent GC,YELLOW,GREEN,All watched tests are within expected ranges.
2025-12-15T13:02:26,box_1870504657248,Agilent GC,YELLOW,GREEN,All watched tests are within expected ranges.
2025-12-15T13:05:28,box_1840573733840,Multitek S,RED,GREEN,All watched tests are within expected ranges.
2025-12-15T13:05:28,box_1840573733840,Multitek S,RED,GREEN,All watched tests are within expected ranges.
2025-12-15T13:06:04,box_1840573733840,Multitek S,RED,GREEN,All watched tests are within expected ranges.
2025-12-16T09:01:46,box_2201765855296,PAC Flash 2,RED,GREEN,All watched tests are within expected ranges.
2025-12-16T09:49:03,box_1840573737440,Auto Grabner,GREEN,YELLOW,Last in-spec QC is stale.
2025-12-16T10:14:12,box_1840573737440,Auto Grabner,YELLOW,GREEN,All watched tests are within expected ranges.
2025-12-16T11:24:37,box_1840573738448,Mini Grabner,GREEN,YELLOW,Last in-spec QC is stale (cached).
2025-12-16T12:24:59,box_1834023730592,AQUAMAX KF,GREEN,UNKNOWN,Insufficient data for one or more tests.
2025-12-16T12:29:00,box_1834023730592,AQUAMAX KF,UNKNOWN,GREEN,All watched tests are within expected ranges.
2025-12-16T13:02:12,box_1870504657248,Agilent GC,GREEN,YELLOW,Last in-spec QC is stale.
2025-12-16T13:35:24,box_1834023730592,AQUAMAX KF,GREEN,UNKNOWN,Insufficient data for one or more tests.
2025-12-16T14:06:36,box_1834023730592,AQUAMAX KF,UNKNOWN,GREEN,All watched tests are within expected ranges.
2025-12-17T09:30:02,box_1870504657248,Agilent GC,UNKNOWN,YELLOW,Last in-spec QC is stale (cached).
2025-12-17T09:30:02,box_1870507241056,Multitek NS,UNKNOWN,GREEN,All watched tests are within expected ranges.
2025-12-17T09:30:02,box_2201765855296,PAC Flash 2,UNKNOWN,YELLOW,Last in-spec QC is stale.
2025-12-17T09:30:02,box_1840573737440,Auto Grabner,UNKNOWN,GREEN,All watched tests are within expected ranges.
2025-12-17T09:30:02,box_1840573738448,Mini Grabner,UNKNOWN,YELLOW,Last in-spec QC is stale (cached).
2025-12-17T09:30:02,box_1840573733840,Multitek S,UNKNOWN,GREEN,All watched tests are within expected ranges.
2025-12-17T09:30:02,box_2096856031904,PAC Flash 1,UNKNOWN,YELLOW,Last in-spec QC is stale.
2025-12-17T09:30:02,box_1834023730592,AQUAMAX KF,UNKNOWN,GREEN,All watched tests are within expected ranges.
2025-12-17T09:38:59,box_1870504657248,Agilent GC,YELLOW,GREEN,All watched tests are within expected ranges.
2025-12-17T09:44:01,box_2201765855296,PAC Flash 2,YELLOW,GREEN,All watched tests are within expected ranges.
2025-12-17T09:44:01,box_2096856031904,PAC Flash 1,YELLOW,GREEN,All watched tests are within expected ranges.
2025-12-17T09:45:02,box_1840573738448,Mini Grabner,YELLOW,UNKNOWN,Insufficient data for one or more tests.
2025-12-17T09:45:02,box_1834023730592,AQUAMAX KF,GREEN,UNKNOWN,Insufficient data for one or more tests.
2025-12-17T09:56:08,box_1834023730592,AQUAMAX KF,UNKNOWN,GREEN,All watched tests are within expected ranges.
2025-12-17T10:02:11,box_1840573738448,Mini Grabner,UNKNOWN,GREEN,All watched tests are within expected ranges.
2025-12-17T10:20:21,box_1870507241920,Eraspec,UNKNOWN,RED,At least one watched test is out of spec or missing.
2025-12-17T10:25:46,box_1870507241920,Eraspec,RED,GREEN,All watched tests are within expected ranges.
2025-12-17T10:25:46,box_1870507241920,Eraspec,RED,GREEN,All watched tests are within expected ranges.
2025-12-17T10:36:30,box_1765996407293,Eraspec NIR,UNKNOWN,RED,At least one watched test is out of spec or missing.
2025-12-17T10:40:32,box_1765996407293,Eraspec NIR,RED,GREEN,All watched tests are within expected ranges.
